slug,title,igdb_id
1917-the-alien-invasion-dx-remastered,1917 The Alien Invasion DX Remastered,332592
9-th-dawn-remake,9 Th Dawn Remake,301042
against-the-storm,Against The Storm,147519
age-of-empires-ii-definitive-edition,Age Of Empires II Definitive Edition,144346
ai-detective-collection,AI Detective Collection,302397
alan-wake-ii-deluxe-edition,Alan Wake II Deluxe Edition,311975
alan-wake-remastered,Alan Wake Remastered,167611
among-us-crewmate-edition,Among Us Crewmate Edition,155093
animal-crossing-new-horizons,Animal Crossing New Horizons,109462
animal-kart-racer,Animal Kart Racer,154790
anno-1800,Anno 1800,55036
asphalt-legends-unite-supercharged-edition,Asphalt Legends Unite Supercharged Edition,363017
assassins-creed-black-flag-resynced-deluxe-edition,Assassin's Creed Black Flag Resynced Deluxe Edition,409613
assassins-creed-mirage-master-assassin-pack,Assassin's Creed Mirage Master Assassin Pack,360516
assassins-creed-odyssey---ultimate-edition,Assassin's Creed Odyssey - Ultimate Edition,27567
assassins-creed-rogue-remastered,Assassin's Creed Rogue Remastered,81205
collector-assassins-creed-shadows-collectors-edition,Assassin's Creed Shadows,300976
assassins-creed-shadows-digital-deluxe-edition,Assassin's Creed Shadows Digital Deluxe Edition,336776
assassins-creed-the-rebel-collection,Assassin's Creed The Rebel Collection,122236
assassins-creed-valhalla-complete-edition,Assassin's Creed Valhalla Complete Edition,191960
assetto-corsa-competizione--1,Assetto Corsa Competizione,171274
asterix-and-obelix-xxl-2-mission-las-vegum,Astérix & Obélix XXL 2 Mission Las Vegum,81480
atari-50-the-anniversary-celebration,Atari 50 The Anniversary Celebration,317961
atelier-yumia-swimsuit-set,Atelier Yumia Swimsuit Set,351167
atomic-heart-ii,Atomic Heart II,347639
avatar-frontiers-of-pandora-from-the-ashes,Avatar Frontiers Of Pandora - From The Ashes,371949
avatar-frontiers-of-pandora---special-edition,Avatar Frontiers Of Pandora - Special Edition,281300
avengers,Avengers,46822
batman-arkham-collection,Batman Arkham Collection,112659
batman-arkham-knight-batman-inc-skin,Batman Arkham Knight - Batman Inc. Skin,25972
batman-arkham-trilogy,Batman Arkham Trilogy,254329
battlefield-1-revolution,Battlefield 1 Revolution,94085
battlefield-v-definitive-edition,Battlefield V Definitive Edition,140898
beat-saber,Beat Saber,83731
behemoth,Behemoth,320724
ben-10--3,Ben 10,363904
beyond-a-steel-sky,Beyond A Steel Sky,116634
bitmap-bureau-collection,Bitmap Bureau Collection,287089
bitmap-bureau-collection-deluxe-edition,Bitmap Bureau Collection Deluxe Edition,294814
black-myth-wukong-deluxe-edition,Black Myth Wukong Deluxe Edition,136879
borderlands-3-ultimate-edition,Borderlands 3 Ultimate Edition,140899
borderlands-legendary-collection,Borderlands Legendary Collection,498
brothers-in-arms-2-global-front,Brothers In Arms 2 Global Front,64301
call-of-duty-black-ops-6,Call Of Duty Black Ops 6,302156
call-of-duty-black-ops-7,Call Of Duty Black Ops 7,348220
call-of-duty-black-ops-iii-zombies-chronicles,Call Of Duty Black Ops III - Zombies Chronicles,28413
call-of-duty-modern-warfare-4,Call Of Duty Modern Warfare 4,403310
call-of-duty-modern-warfare-remastered,Call Of Duty Modern Warfare Remastered,24920
call-of-duty-wwii---gold-edition,Call Of Duty Wwii - Gold Edition,118729
carmen-sandiego-40-th-anniversary-edition,Carmen Sandiego 40 Th Anniversary Edition,400999
catan-سوپر-deluxe,Catan سوپر Deluxe,21830
cave-digger-2-dig-harder,Cave Digger 2 Dig Harder,158682
chef-life-a-restaurant-simulator---al-forno-edition,Chef Life A Restaurant Simulator - Al Forno Edition,229122
chuck-rock--2,Chuck Rock,275025
civil-war-ii,Civil War II,17527
clash-artifacts-of-chaos---zeno-edition,Clash Artifacts Of Chaos - Zeno Edition,230125
commando-2,Commando 2,85900
commandos-origins---deluxe-edition,Commandos Origins - Deluxe Edition,339554
company-of-heroes-3-console-edition,Company Of Heroes 3 Console Edition,228537
conflict-2-blitz,Conflict 2 Blitz,311241
conflict-desert-storm-ii-back-to-baghdad,Conflict Desert Storm II Back To Baghdad,3864
control,Control,103329
control-resonant,Control Resonant,225582
control-ultimate-edition,Control Ultimate Edition,136604
crash-bandicoot-warped,Crash Bandicoot Warped,1187
crash-team-rumble-deluxe-edition,Crash Team Rumble Deluxe Edition,246296
cricket-22,Cricket 22,175987
crisis-core-final-fantasy-7-remake,Crisis Core Final Fantasy 7 Remake,2407
crossfire-sierra-squad,Crossfire Sierra Squad,229351
crush--3,Crush,362002
crysis-2-remastered,Crysis 2 Remastered,165126
cuphead-and-the-delicious-last-course,Cuphead & The Delicious Last Course,210917
cyberpunk-2077-phantom-liberty-ultimate-edition,Cyberpunk 2077 Phantom Liberty Ultimate Edition,215769
cyberpunk-2077-ultimate-edition,Cyberpunk 2077 Ultimate Edition,277807
dark-souls-iii-deluxe-edition,Dark Souls III Deluxe Edition,47486
dark-souls-remastered,Dark Souls Remastered,81085
days-gone-remastered,Days Gone Remastered,331206
dead-daylight,Dead Daylight,330916
dead-island-definitive-edition,Dead Island Definitive Edition,536
dead-space-remake,Dead Space Remake,159119
death-stranding-directors-cut,Death Stranding Director's Cut,152063
demon-slayer-kimetsu-no-yaiba-the-hinokami-chronicles-2,Demon Slayer Kimetsu No Yaiba - The Hinokami Chronicles 2,337907
destiny-2-lightfall,Destiny 2 Lightfall,134832
destiny-2-the-final-shape,Destiny 2 The Final Shape,250645
destroy-all-humans-2--1,Destroy All Humans! 2,215449
devil-may-cry-5,Devil May Cry 5,76253
diablo-iv-vessel-of-hatred,Diablo IV Vessel Of Hatred,275171
directive-8020-deluxe-edition,Directive 8020 Deluxe Edition,237780
dirty-jobs-simulator,Dirty Jobs Simulator,120688
dmc-devil-may-cry-definitive-edition,Dmc Devil May Cry Definitive Edition,1254
dolmen--1,Dolmen,75304
donkey-kong-bananza,Donkey Kong Bananza,338106
doom-the-dark-ages---premium-edition,Doom The Dark Ages - Premium Edition,329298
dragon-ball-fighterz-goku,Dragon Ball Fighterz Goku,144706
dragon-quest-iii-hd-2-d-remake,Dragon Quest III HD-2 D Remake,149980
dragon-s-dogma,Dragon's Dogma,3968
dreadout-remastered-collection,Dreadout Remastered Collection,52944
driver-san-francisco,Driver San Francisco,554
dynasty-warriors-3-complete-edition-remastered,Dynasty Warriors 3 Complete Edition Remastered,369991
dyschronia-chronos-alternate,Dyschronia Chronos Alternate,178825
ea-sports-fc-24-ultimate-edition,EA Sports FC 24 Ultimate Edition,256169
ea-sports-fc-25-ultimate-edition,EA Sports FC 25 Ultimate Edition,309043
ea-sports-fc-26-ultimate-edition,EA Sports FC 26 Ultimate Edition,356805
ea-sports-fc-27,EA Sports FC 27,408819
ea-sports-ufc-5-ultimate-edition,EA Sports UFC 5 Ultimate Edition,308591
ea-sports-ufc-6-ultimate-edition,EA Sports UFC 6 Ultimate Edition,402962
ea-sports-wrc-24,EA Sports WRC 24,319197
elden-ring-nightreign-collectors-edition,Elden Ring Nightreign Collector's Edition,331167
elden-ring-nightreign---seekers-edition,Elden Ring Nightreign - Seeker's Edition,375852
elden-ring-shadow-of-the-erdtree,Elden Ring Shadow Of The Erdtree,240009
everspace-2-stellar-edition,Everspace 2 Stellar Edition,246298
evil-nun-the-broken-mask---unholy-edition,Evil Nun The Broken Mask - Unholy Edition,324596
f1-2021,F1 2021,145838
f1-22,F1 22,198200
f1-24,F1 24,287578
far-cry-6-game-of-the-year-edition,Far Cry 6 Game Of The Year Edition,220800
far-cry-6-gold-edition,Far Cry 6 Gold Edition,136403
farmers-vs-zombies,Farmers Vs Zombies,146442
fast-and-furious-arcade,Fast And Furious Arcade,98694
fast-and-furious-arcade--1,Fast & Furious Arcade,234789
fatal-frame-ii-crimson-butterfly-remake,Fatal Frame II Crimson Butterfly Remake,366890
fatal-fury-city-of-the-wolves---special-edition,Fatal Fury City Of The Wolves - Special Edition,327461
fifa-21-nxt-lvl-edition,Fifa 21 NXT LVL Edition,141310
fighting-force-2,Fighting Force 2,11615
final-fantasy-xiv-dawntrail,Final Fantasy XIV Dawntrail,259338
final-fantasy-xvi-deluxe-edition,Final Fantasy XVI Deluxe Edition,228738
firefighting-simulator-the-squad,Firefighting Simulator The Squad,228376
f.i.s.t.-forged-in-shadow-torch---limited-edition,F.i.s.t. Forged In Shadow Torch - Limited Edition,284481
football-manager-26,Football Manager 26,365487
for-honor,For Honor,11162
forza-horizon-5-deluxe-edition,Forza Horizon 5 Deluxe Edition,171269
forza-horizon-5-premium-edition,Forza Horizon 5 Premium Edition,171270
frontlines-fuel-of-war,Frontlines Fuel Of War,6997
front-mission--1,Front Mission,47718
front-mission-1-st-remake,Front Mission 1 St Remake,191400
frostpunk-2-icebreaker-edition,Frostpunk 2 Icebreaker Edition,362011
gear.club-unlimited-2-ultimate-edition,Gear.club Unlimited 2 Ultimate Edition,172591
ghost-master,Ghost Master,726
ghost-of-tsushima-directors-cut,Ghost Of Tsushima Director's Cut,153700
collector-ghost-of-yōtei,Ghost Of Yotei,317627
goat-simulator-remastered,Goat Simulator Remastered,314250
godfall,Godfall,127343
god-of-war-iii-remastered,God Of War III Remastered,19959
gotham-knights-special-edition,Gotham Knights Special Edition,324765
gothic-1-remake,Gothic 1 Remake,148227
grand-theft-auto-the-trilogy-the-definitive-edition,Grand Theft Auto The Trilogy The Definitive Edition,5850
grand-theft-auto-vi-ultimate-edition,Grand Theft Auto VI Ultimate Edition,407999
gran-turismo-7-25-th-anniversary-edition,Gran Turismo 7 25 Th Anniversary Edition,172566
gungrave-gore,Gungrave G.o.r.e,78113
hades-2,Hades 2,134619
hard-driver-2,Hard Driver 2,148858
harry-potter-quidditch-champions,Harry Potter Quidditch Champions,246166
harry-potter-quidditch-champions---deluxe-edition,Harry Potter Quidditch Champions - Deluxe Edition,318003
hell-let-loose-deluxe-edition,Hell Let Loose Deluxe Edition,273004
hitman-3-deluxe-edition,Hitman 3 Deluxe Edition,140438
hitman-world-of-assassination,Hitman World Of Assassination,233571
hitman-world-of-assassination-25-th-anniversary-edition,Hitman World Of Assassination 25 Th Anniversary Edition,347699
hogwarts-legacy-deluxe-edition,Hogwarts Legacy Deluxe Edition,214873
hogwarts-legacy-digital-deluxe-edition,Hogwarts Legacy Digital Deluxe Edition,214440
horizon-forbidden-west-complete-edition,Horizon Forbidden West Complete Edition,268842
hubris,Hubris,114705
human-fall-flat-dream-collection,Human Fall Flat - Dream Collection,252173
hunting-simulator-2,Hunting Simulator 2,130000
i-am-cat,I Am Cat,303244
i-hate-this-place,I Hate This Place,336144
inertial-drift-twilight-rivals,Inertial Drift Twilight Rivals,227054
iron-soldier-2,Iron Soldier 2,40827
jumanji,Jumanji,70577
just-dance-2020,Just Dance 2020,119256
just-dance-2024-edition,Just Dance 2024 Edition,252986
karma-the-dark-world---limited-edition,Karma The Dark World - Limited Edition,351141
kena-bridge-of-spirits---deluxe-edition,Kena Bridge Of Spirits - Deluxe Edition,173109
killzone-2,Killzone 2,1866
knight-rider-2-the-game,Knight Rider 2 The Game,22370
kong-survivor-instinct---titans-edition,Kong Survivor Instinct - Titans Edition,393449
layers-of-fear--2,Layers Of Fear,239163
lego-2k-drive,Lego 2 K Drive,242493
lego-2-k-drive-awesome-edition,Lego 2 K Drive Awesome Edition,242494
lego-batman-legacy-of-the-dark-knight---deluxe-edition,Lego Batman Legacy Of The Dark Knight - Deluxe Edition,387030
lets-sing-2024-with-international-hits,Let's Sing 2024 With International Hits,268592
lies-of-p-overture,Lies Of P Overture,331204
life-is-strange-remastered-collection,Life Is Strange Remastered Collection,144770
lion-king-ii,Lion King II,203658
lisa-definitive-edition,Lisa Definitive Edition,26652
little-nightmares-i-and-ii,Little Nightmares I & II,178179
madagascar-escape-2-africa--1,Madagascar Escape 2 Africa,116787
madden-nfl-22,Madden NFL 22,152480
madison-possessed-edition,Madison Possessed Edition,198392
mafia-definitive-edition,Mafia Definitive Edition,325379
mario-golf-super-rush,Mario Golf Super Rush,143609
mario-vs-donkey-kong,Mario Vs. Donkey Kong,6505
marvel-avengers-academy,Marvel Avengers Academy,18028
marvels-midnight-suns-enhanced-edition,Marvel's Midnight Suns Enhanced Edition,203808
marvels-spider-man-2-digital-deluxe-edition,Marvel's Spider-man 2 Digital Deluxe Edition,272508
marvels-spider-man-miles-morales---ultimate-edition,Marvel's Spider-man Miles Morales - Ultimate Edition,138947
marvels-spider-man-remastered,Marvel's Spider-man Remastered,138949
marvels-wolverine-digital-deluxe-edition,Marvel's Wolverine Digital Deluxe Edition,407453
matchpoint-tennis-championships---legends-edition,Matchpoint Tennis Championships - Legends Edition,199628
mato-anomalies,Mato Anomalies,212050
metal-gear-solid-delta-snake-eater---deluxe-edition,Metal Gear Solid Delta Snake Eater - Deluxe Edition,359838
metal-gear-solid-master-collection-version--6,Metal Gear Solid Master Collection Version,393638
metal-gear-solid-master-collection-vol-2-bonus-content,Metal Gear Solid Master Collection Vol. 2 Bonus Content,392677
metro-exodus-complete-edition,Metro Exodus Complete Edition,147016
minecraft-legends---deluxe-edition,Minecraft Legends - Deluxe Edition,233678
mixture--1,Mixture,237776
mortal-kombat-11-ultimate,Mortal Kombat 11 Ultimate,139446
mortal-kombat-1-definitive-edition,Mortal Kombat 1 Definitive Edition,370302
mortal-kombat-1-khaos-reigns-kollection,Mortal Kombat 1 Khaos Reigns Kollection,314153
mortal-kombat-1-premium-edition,Mortal Kombat 1 Premium Edition,250148
mortal-kombat-legacy-kollection---deluxe-edition,Mortal Kombat Legacy Kollection - Deluxe Edition,398998
mortal-kombat-legacy-kollection---kollectors-edition,Mortal Kombat Legacy Kollection - Kollector's Edition,403916
mortal-shell-digital-deluxe-edition,Mortal Shell Digital Deluxe Edition,214474
mortal-shell-enhanced-edition,Mortal Shell Enhanced Edition,132050
mortal-shell-ii,Mortal Shell II,347633
mxgp-2020-the-official-motocross-videogame,Mxgp 2020 The Official Motocross Videogame,139939
naruto-shippuuden-ultimate-ninja-storm-4-road-to-boruto,Naruto Shippuuden Ultimate Ninja Storm 4 Road To Boruto,24287
naruto-x-boruto-ninja-tribes-ultimate-edition,Naruto X Boruto Ninja Tribes Ultimate Edition,106295
nba-2k21,NBA 2K21,134599
nba-2k22,NBA 2K22,157446
nba-2k23,NBA 2K23,207393
nba-2k24,NBA 2K24,255788
nba-2k25,NBA 2K25,308034
nba-2k26,NBA 2K26,353901
need-for-speed-hot-pursuit--3,Need For Speed Hot Pursuit,264364
need-for-speed-hot-pursuit---remastered,Need For Speed Hot Pursuit - Remastered,139346
need-for-speed-ii,Need For Speed II,91
need-for-speed-payback---deluxe-edition,Need For Speed Payback - Deluxe Edition,23161
need-for-speed-unbound-palace-edition,Need For Speed Unbound Palace Edition,220860
neighbours-back-from-hell,Neighbours Back From Hell,139447
new-world-aeternum--1,New World Aeternum,24654
nintendo-world-championships-nes-edition,Nintendo World Championships NES Edition,299862
no-mans-sky-relics,No Man's Sky Relics,336874
no-rest-for-the-wicked--1,No Rest For The Wicked,279627
onimusha-tactics,Onimusha Tactics,6526
operation-serpens,Operation Serpens,138890
operation-wolf-returns-first-mission---rescue-edition,Operation Wolf Returns First Mission - Rescue Edition,270583
outriders-complete-edition,Outriders,102058
outriders-worldslayer,Outriders Worldslayer,198294
overcooked-plus-overcooked-2,Overcooked! + Overcooked! 2,135963
override-2-ultraman-deluxe,Override 2 Ultraman Deluxe,161784
ovrdark-a-do-not-open-story,Ovrdark A Do Not Open Story,258122
oxide-room-208-collector,Oxide Room 208 Collector,240258
pacific-drive-deluxe-edition,Pacific Drive Deluxe Edition,278208
pac-man-mega-tunnel-battle,Pac-man Mega Tunnel Battle,140269
paper-mario-the-origami-king,Paper Mario The Origami King,133923
persona-3-reload,Persona 3 Reload,252647
persona-3-reload-digital-deluxe-edition,Persona 3 Reload Digital Deluxe Edition,262642
pga-tour-2k25,PGA Tour 2K25,328079
planet-zoo,Planet Zoo,117717
poppy-playtime-triple-pack,Poppy Playtime Triple Pack,314441
predator-hunting-grounds-jotun-predator,Predator Hunting Grounds - Jotun Predator,387641
raccoon-city-edition,Raccoon City Edition,132952
rainbow-six-siege,Rainbow Six Siege,7360
ratchet-and-clank,Ratchet & Clank,11065
rayman-30-th-anniversary-edition,Rayman 30 Th Anniversary Edition,85578
rayman-legends-retold-deluxe-edition,Rayman Legends Retold Deluxe Edition,404044
red-dead-redemption-remastered,Red Dead Redemption Remastered,260737
rematch--1,Rematch,325588
resident-evil--8,Resident Evil,380192
resident-evil-2-remake,Resident Evil 2 Remake,347128
resident-evil-3-nemesis--1,Resident Evil 3 Nemesis,347129
resident-evil-3-remake,Resident Evil 3 Remake,115115
resident-evil-4-gold-edition,Resident Evil 4 Gold Edition,284920
resident-evil-4-remake,Resident Evil 4 Remake,132181
resident-evil-7-biohazard---gold-edition-grotesque-version,Resident Evil 7 Biohazard - Gold Edition Grotesque Version,167065
resident-evil-operation-raccoon-city,Resident Evil Operation Raccoon City,977
resident-evil-requiem-deluxe-edition,Resident Evil Requiem Deluxe Edition,375627
resident-evil-triple-pack,Resident Evil Triple Pack,99534
resident-evil-village-gold-edition,Resident Evil Village Gold Edition,204722
rise-of-the-tomb-raider,Rise Of The Tomb Raider,7323
robocop-rogue-city-collection,Robocop Rogue City - Collection,383166
rollercoaster-tycoon-adventures-deluxe,Rollercoaster Tycoon Adventures Deluxe,86497
roller-coaster-tycoon-adventures-deluxe,Roller Coaster Tycoon Adventures Deluxe,99460
rugby--1,Rugby,77083
saints-row-criminal-customs-edition,Saints Row Criminal Customs Edition,186923
saints-row-notorious-edition,Saints Row Notorious Edition,168551
seeker-my-shadow,Seeker My Shadow,211541
sessions,Sessions,230629
shame-legacy-the-cult-edition,Shame Legacy The Cult Edition,246297
sifu-vengeance-edition,Sifu Vengeance Edition,191494
silent-hill-2-deluxe-edition,Silent Hill 2 Deluxe Edition,303813
silent-hill-2-remake,Silent Hill 2 Remake,222341
silent-hill-townfall,Silent Hill Townfall,222342
smite-2-founders-edition,Smite 2 Founder's Edition,331848
smurftastic-collection,Smurftastic Collection,301211
sniper-ghost-warrior,Sniper Ghost Warrior,1367
sniper-ghost-warrior-contracts-2-elite-edition,Sniper Ghost Warrior Contracts 2 Elite Edition,193537
socom-ii-us-navy-seals,Socom II U.S. Navy Seals,8240
song-in-the-smoke-rekindled,Song In The Smoke Rekindled,243871
sonic-origins-plus,Sonic Origins Plus,241444
sonic-and-shadow--1,Sonic & Shadow,336350
sons-of-the-forest,Sons Of The Forest,127346
special-forces-ii,Special Forces II,41098
spider-man-2,Spider-man 2,6285
star-wars-battlefront-ultimate-edition,Star Wars Battlefront Ultimate Edition,53663
star-wars-dark-forces-remastered,Star Wars Dark Forces Remastered,262973
star-wars-galactic-racer,Star Wars Galactic Racer,381248
star-wars-outlaws-special-edition,Star Wars Outlaws Special Edition,299474
star-wars-tales-from-the-galaxys-edge,Star Wars Tales From The Galaxy's Edge,134957
stellar-blade-complete-edition,Stellar Blade Complete Edition,346749
stray-cat,Stray Cat,220508
collector-street-fighter-6-collectors-edition,Street Fighter 6,191692
street-fighter-6-deluxe-edition,Street Fighter 6 Deluxe Edition,228737
street-fighter-6-years-1-2---fighters-edition,Street Fighter 6 Years 1-2 - Fighters Edition,338112
suicide-squad-kill-the-justice-league---deluxe-edition,Suicide Squad Kill The Justice League - Deluxe Edition,239147
super-mario-odyssey-64,Super Mario Odyssey 64,132640
super-mario-party-jamboree,Super Mario Party Jamboree,306148
syberia-the-world-before---20-years-edition,Syberia The World Before - 20 Years Edition,204908
system-shock-2-25-th-anniversary-remaster,System Shock 2 25 Th Anniversary Remaster,22
tchia--1,Tchia,134324
teenage-mutant-ninja-turtles-shredders-revenge,Teenage Mutant Ninja Turtles Shredder's Revenge,144465
teenage-mutant-ninja-turtles-shredders-revenge---anniversary-edition,Teenage Mutant Ninja Turtles Shredder's Revenge - Anniversary Edition,267599
teenage-mutant-ninja-turtles-splintered-fate---deluxe-edition,Teenage Mutant Ninja Turtles Splintered Fate - Deluxe Edition,351134
tekken-7-definitive-edition,Tekken 7 Definitive Edition,188048
tekken-8-advanced-edition,Tekken 8 Advanced Edition,338032
tekken-8-deluxe-edition,Tekken 8 Deluxe Edition,262609
tennis-on-court,Tennis On-court,253174
tennis-world-tour-2-complete-edition,Tennis World Tour 2 Complete Edition,142817
terminator-2d-no-fate,Terminator 2 D No Fate,327500
terminator-resistance,Terminator Resistance,122611
the-blood-of-dawnwalker,The Blood Of Dawnwalker,282831
the-callisto-protocol-collector,The Callisto Protocol,141538
the-crown-of-wu-legend-edition,The Crown Of Wu Legend Edition,234216
the-devil-haunts-me,The Devil Haunts Me,113225
the-elder-scrolls-iv-oblivion---game-of-the-year-edition,The Elder Scrolls IV Oblivion - Game Of The Year Edition,27845
the-elder-scrolls-iv-oblivion-remastered,The Elder Scrolls IV Oblivion Remastered,267306
the-evil-dead,The Evil Dead,25832
the-house-of-the-dead-remake,The House Of The Dead Remake,145787
the-inquisitor-deluxe-edition,The Inquisitor Deluxe Edition,279150
the-last-of-us-complete-collector,The Last Of Us Complete Collector,1009
the-last-of-us-part-ii-remastered,The Last Of Us Part II Remastered,277143
the-last-of-us-part-i-remake,The Last Of Us Part I Remake,204350
the-last-worker,The Last Worker,173096
the-light-brigade,The Light Brigade,224505
the-lord-of-the-rings-the-battle-for-middle-earth-ii,The Lord Of The Rings The Battle For Middle-earth II,3155
the-neighborhood,The Neighborhood,180592
the-nioh-collection,The Nioh Collection,140979
the-outlast-trials-deluxe-edition,The Outlast Trials Deluxe Edition,127165
the-persistence-enhanced,The Persistence Enhanced,37282
the-quarry-deluxe-edition,The Quarry Deluxe Edition,197608
the-tale-of-onogoro,The Tale Of Onogoro,196312
the-walking-dead-saints-and-sinners,The Walking Dead Saints & Sinners,105416
the-witcher-3-wild-hunt---complete-edition,The Witcher 3 Wild Hunt - Complete Edition,119402
the-witcher-iv,The Witcher IV,194662
tintin-reporter-cigars-of-the-pharaoh---limited-edition,Tintin Reporter Cigars Of The Pharaoh - Limited Edition,242368
tiny-tinas-wonderlands-next-level-edition,Tiny Tina's Wonderlands Next Level Edition,170024
tomb-raider-i-vi-remastered,Tomb Raider I-VI Remastered,331905
tomb-raider-iv.v.vi-remastered,Tomb Raider Iv.v.vi Remastered,912
tomb-raider-legacy-of-atlantis,Tomb Raider Legacy Of Atlantis,381235
tom-clancy-s-ghost-recon-2,Tom Clancy's Ghost Recon 2,1298
tom-clancys-rainbow-six-extraction,Tom Clancy's Rainbow Six Extraction,119262
tom-clancy's-rainbow-six-siege-x-deluxe-edition,Tom Clancy's Rainbow Six Siege X Deluxe Edition,349484
tom-clancys-rainbow-six-siege-x-elite-edition,Tom Clancy's Rainbow Six Siege X Elite Edition,349562
topspin-2k25,Topspin 2K25,282959
tramsim-deluxe,Tramsim Deluxe,165382
ufc-5-deluxe-edition,UFC 5 Deluxe Edition,273592
uncharted-4-a-thief-s-end,Uncharted 4 A Thief's End,7331
uncharted-legacy-of-thieves-collection,Uncharted Legacy Of Thieves Collection,168670
uncharted-ocean,Uncharted Ocean,126126
undead-citadel,Undead Citadel,115122
under-the-waves,Under The Waves,214402
until-dawn-2,Until Dawn 2,404058
vertigo-2,Vertigo 2,120529
wanderer-the-fragments-of-fate,Wanderer The Fragments Of Fate,253728
"warhammer-40,000-space-marine-ii---gold-edition","Warhammer 40,000 Space Marine II - Gold Edition",289223
warhammer-chaosbane---slayer-edition,Warhammer Chaosbane - Slayer Edition,139948
way-out,Way Out,84080
weird-west-definitive-edition,Weird West Definitive Edition,250504
werewolf-the-apocalypse-rageborn,Werewolf The Apocalypse - Rageborn,400797
wizardry-proving-grounds-of-the-mad-overlord--1,Wizardry Proving Grounds Of The Mad Overlord,267083
world-war-z-aftermath,World War Z Aftermath,152123
worms-rumble-fully-loaded-edition,Worms Rumble Fully Loaded Edition,146164
wwe-2k22,WWE 2K22,145780
wwe-2k23,WWE 2K23,233028
wwe-2k24,WWE 2K24,283600
wwe-2k25,WWE 2K25,329690
wwe-2k26,WWE 2K26,387782
xiii-remake,XIII Remake,117509
yuoni-sunset-edition,Yuoni Sunset Edition,171858
