slug,title
1917-the-alien-invasion-dx-remastered,1917 The Alien Invasion DX Remastered
7-days-to-die,7 Days To Die
9-th-dawn-remake,9 Th Dawn Remake
against-the-storm,Against The Storm
age-of-empires-ii-definitive-edition,Age Of Empires II Definitive Edition
ai-detective-collection,AI Detective Collection
alan-wake-ii-deluxe-edition,Alan Wake II Deluxe Edition
alan-wake-remastered,Alan Wake Remastered
among-us-crewmate-edition,Among Us Crewmate Edition
animal-crossing-new-horizons,Animal Crossing New Horizons
animal-kart-racer,Animal Kart Racer
anno-1800,Anno 1800
asphalt-legends-unite-supercharged-edition,Asphalt Legends Unite Supercharged Edition
assassins-creed-black-flag-resynced-deluxe-edition,Assassin's Creed Black Flag Resynced Deluxe Edition
assassins-creed-mirage-master-assassin-pack,Assassin's Creed Mirage Master Assassin Pack
assassins-creed-odyssey---ultimate-edition,Assassin's Creed Odyssey - Ultimate Edition
assassins-creed-rogue-remastered,Assassin's Creed Rogue Remastered
collector-assassins-creed-shadows-collectors-edition,Assassin's Creed Shadows
assassins-creed-shadows-digital-deluxe-edition,Assassin's Creed Shadows Digital Deluxe Edition
assassins-creed-the-rebel-collection,Assassin's Creed The Rebel Collection
assassins-creed-valhalla-complete-edition,Assassin's Creed Valhalla Complete Edition
assetto-corsa-competizione--1,Assetto Corsa Competizione
asterix-maxi-collection,Asterix Maxi Collection
asterix-and-obelix-xxl-2-mission-las-vegum,Astérix & Obélix XXL 2 Mission Las Vegum
atari-50-the-anniversary-celebration,Atari 50 The Anniversary Celebration
atelier-yumia-swimsuit-set,Atelier Yumia Swimsuit Set
atomic-heart-ii,Atomic Heart II
avatar-frontiers-of-pandora-from-the-ashes,Avatar Frontiers Of Pandora - From The Ashes
avatar-frontiers-of-pandora---special-edition,Avatar Frontiers Of Pandora - Special Edition
avengers,Avengers
batman-arkham-collection,Batman Arkham Collection
batman-arkham-knight-batman-inc-skin,Batman Arkham Knight - Batman Inc. Skin
batman-arkham-trilogy,Batman Arkham Trilogy
battlefield-1-revolution,Battlefield 1 Revolution
battlefield-6-phantom-edition,Battlefield 6 Phantom Edition
battlefield-hardline-ultimate-edition,Battlefield Hardline Ultimate Edition
battlefield-v-definitive-edition,Battlefield V Definitive Edition
beat-saber,Beat Saber
behemoth,Behemoth
ben-10--3,Ben 10
beyond-a-steel-sky,Beyond A Steel Sky
bitmap-bureau-collection,Bitmap Bureau Collection
bitmap-bureau-collection-deluxe-edition,Bitmap Bureau Collection Deluxe Edition
black-myth-wukong-deluxe-edition,Black Myth Wukong Deluxe Edition
borderlands-3-ultimate-edition,Borderlands 3 Ultimate Edition
borderlands-legendary-collection,Borderlands Legendary Collection
brothers-in-arms-2-global-front,Brothers In Arms 2 Global Front
bus-bound-deluxe,Bus Bound Deluxe
call-of-duty-black-ops-6,Call Of Duty Black Ops 6
call-of-duty-black-ops-7,Call Of Duty Black Ops 7
call-of-duty-black-ops-iii-zombies-chronicles,Call Of Duty Black Ops III - Zombies Chronicles
call-of-duty-modern-warfare-4,Call Of Duty Modern Warfare 4
call-of-duty-modern-warfare-remastered,Call Of Duty Modern Warfare Remastered
call-of-duty-wwii---gold-edition,Call Of Duty Wwii - Gold Edition
carmen-sandiego-40-th-anniversary-edition,Carmen Sandiego 40 Th Anniversary Edition
cars-3-driven-to-win,Cars 3 Driven To Win
catan-سوپر-deluxe,Catan سوپر Deluxe
cave-digger-2-dig-harder,Cave Digger 2 Dig Harder
chef-life-a-restaurant-simulator---al-forno-edition,Chef Life A Restaurant Simulator - Al Forno Edition
chuck-rock--2,Chuck Rock
civil-war-ii,Civil War II
clash-artifacts-of-chaos---zeno-edition,Clash Artifacts Of Chaos - Zeno Edition
commando-2,Commando 2
commandos-origins---deluxe-edition,Commandos Origins - Deluxe Edition
company-of-heroes-3-console-edition,Company Of Heroes 3 Console Edition
concord--1,Concord
conflict-2-blitz,Conflict 2 Blitz
conflict-desert-storm-ii-back-to-baghdad,Conflict Desert Storm II Back To Baghdad
control,Control
control-resonant,Control Resonant
control-ultimate-edition,Control Ultimate Edition
crash-bandicoot-warped,Crash Bandicoot Warped
crash-team-rumble-deluxe-edition,Crash Team Rumble Deluxe Edition
creed-rise-to-glory,Creed Rise To Glory
cricket-22,Cricket 22
crisis-core-final-fantasy-7-remake,Crisis Core Final Fantasy 7 Remake
crossfire-sierra-squad,Crossfire Sierra Squad
crush--3,Crush
crysis-2-remastered,Crysis 2 Remastered
cuphead-and-the-delicious-last-course,Cuphead & The Delicious Last Course
cyberpunk-2077-phantom-liberty-ultimate-edition,Cyberpunk 2077 Phantom Liberty Ultimate Edition
cyberpunk-2077-ultimate-edition,Cyberpunk 2077 Ultimate Edition
dark-souls-iii-deluxe-edition,Dark Souls III Deluxe Edition
dark-souls-remastered,Dark Souls Remastered
days-gone-remastered,Days Gone Remastered
dc-league-of-super-pets-the-adventures-of-krypto-and-ace,DC League Of Super-pets The Adventures Of Krypto And Ace
dead-daylight,Dead Daylight
dead-island-definitive-edition,Dead Island Definitive Edition
dead-or-alive-6-last-round,Dead Or Alive 6 Last Round
dead-space-remake,Dead Space Remake
death-stranding-directors-cut,Death Stranding Director's Cut
demon-slayer-kimetsu-no-yaiba-the-hinokami-chronicles-2,Demon Slayer Kimetsu No Yaiba - The Hinokami Chronicles 2
destiny-2-lightfall,Destiny 2 Lightfall
destiny-2-the-final-shape,Destiny 2 The Final Shape
destroy-all-humans-2--1,Destroy All Humans! 2
destruction-allstars,Destruction Allstars
devil-may-cry-5,Devil May Cry 5
diablo-iv-vessel-of-hatred,Diablo IV Vessel Of Hatred
directive-8020-deluxe-edition,Directive 8020 Deluxe Edition
dirty-jobs-simulator,Dirty Jobs Simulator
dmc-devil-may-cry-definitive-edition,Dmc Devil May Cry Definitive Edition
dolmen--1,Dolmen
donkey-kong-bananza,Donkey Kong Bananza
doom-anthology-collector,Doom Anthology Collector
doom-the-dark-ages---premium-edition,Doom The Dark Ages - Premium Edition
dragon-ball-fighterz-goku,Dragon Ball Fighterz Goku
dragon-ball-z-kakarot---daima-edition,Dragon Ball Z Kakarot - Daima Edition
dragon-quest-iii-hd-2-d-remake,Dragon Quest III HD-2 D Remake
dragon-s-dogma,Dragon's Dogma
dreadout-remastered-collection,Dreadout Remastered Collection
driver-san-francisco,Driver San Francisco
dynasty-warriors-3-complete-edition-remastered,Dynasty Warriors 3 Complete Edition Remastered
dyschronia-chronos-alternate,Dyschronia Chronos Alternate
ea-sports-college-football-26,EA Sports College Football 26
ea-sports-fc-24,EA Sports FC 24
ea-sports-fc-24-ultimate-edition,EA Sports FC 24 Ultimate Edition
ea-sports-fc-25,EA Sports FC 25
ea-sports-fc-25-ultimate-edition,EA Sports FC 25 Ultimate Edition
ea-sports-fc-26-ultimate-edition,EA Sports FC 26 Ultimate Edition
ea-sports-fc-27,EA Sports FC 27
ea-sports-ufc-5-ultimate-edition,EA Sports UFC 5 Ultimate Edition
ea-sports-ufc-6-ultimate-edition,EA Sports UFC 6 Ultimate Edition
ea-sports-wrc-24,EA Sports WRC 24
elden-ring-nightreign-collectors-edition,Elden Ring Nightreign Collector's Edition
elden-ring-nightreign---seekers-edition,Elden Ring Nightreign - Seeker's Edition
elden-ring-shadow-of-the-erdtree,Elden Ring Shadow Of The Erdtree
everspace-2-stellar-edition,Everspace 2 Stellar Edition
evil-dead-the-game--1,Evil Dead The Game
evil-nun-the-broken-mask---unholy-edition,Evil Nun The Broken Mask - Unholy Edition
f1-2021,F1 2021
f1-22,F1 22
f1-24,F1 24
f1-25,F1 25
f1-manager-2022,F1 Manager 2022
fall-guys-ultimate-knockout,Fall Guys Ultimate Knockout
far-cry-6-game-of-the-year-edition,Far Cry 6 Game Of The Year Edition
far-cry-6-gold-edition,Far Cry 6 Gold Edition
farmers-vs-zombies,Farmers Vs Zombies
fast-and-furious-arcade,Fast And Furious Arcade
fast-and-furious-arcade--1,Fast & Furious Arcade
fatal-frame-ii-crimson-butterfly-remake,Fatal Frame II Crimson Butterfly Remake
fatal-fury-city-of-the-wolves---special-edition,Fatal Fury City Of The Wolves - Special Edition
fifa-21-nxt-lvl-edition,Fifa 21 NXT LVL Edition
fifa-22,Fifa 22
fifa-23,Fifa 23
fighting-force-2,Fighting Force 2
final-fantasy-xiv-dawntrail,Final Fantasy XIV Dawntrail
final-fantasy-xvi-deluxe-edition,Final Fantasy XVI Deluxe Edition
firefighting-simulator-the-squad,Firefighting Simulator The Squad
f.i.s.t.-forged-in-shadow-torch---limited-edition,F.i.s.t. Forged In Shadow Torch - Limited Edition
five-nights-at-freddys-help-wanted---full-time-edition,Five Nights At Freddy's Help Wanted - Full Time Edition
football-manager-2023,Football Manager 2023
football-manager-2024,Football Manager 2024
football-manager-26,Football Manager 26
for-honor,For Honor
forza-horizon-5-deluxe-edition,Forza Horizon 5 Deluxe Edition
forza-horizon-5-premium-edition,Forza Horizon 5 Premium Edition
frontlines-fuel-of-war,Frontlines Fuel Of War
front-mission--1,Front Mission
front-mission-1-st-remake,Front Mission 1 St Remake
frostpunk-2-icebreaker-edition,Frostpunk 2 Icebreaker Edition
gear.club-unlimited-2-ultimate-edition,Gear.club Unlimited 2 Ultimate Edition
ghost-master,Ghost Master
ghost-of-tsushima,Ghost Of Tsushima
ghost-of-tsushima-directors-cut,Ghost Of Tsushima Director's Cut
collector-ghost-of-yōtei,Ghost Of Yotei
goat-simulator-remastered,Goat Simulator Remastered
godfall,Godfall
god-of-war-iii-remastered,God Of War III Remastered
god-of-war-laufey,God Of War Laufey
gotham-knights-special-edition,Gotham Knights Special Edition
gothic-1-remake,Gothic 1 Remake
grand-theft-auto-the-trilogy-the-definitive-edition,Grand Theft Auto The Trilogy The Definitive Edition
grand-theft-auto-v--2,Grand Theft Auto V
grand-theft-auto-vi-ultimate-edition,Grand Theft Auto VI Ultimate Edition
gran-turismo-7-25-th-anniversary-edition,Gran Turismo 7 25 Th Anniversary Edition
gungrave-gore,Gungrave G.o.r.e
hades-2,Hades 2
hard-driver-2,Hard Driver 2
harry-potter-quidditch-champions,Harry Potter Quidditch Champions
harry-potter-quidditch-champions---deluxe-edition,Harry Potter Quidditch Champions - Deluxe Edition
hell-let-loose-deluxe-edition,Hell Let Loose Deluxe Edition
hitman-3-deluxe-edition,Hitman 3 Deluxe Edition
hitman-world-of-assassination,Hitman World Of Assassination
hitman-world-of-assassination-25-th-anniversary-edition,Hitman World Of Assassination 25 Th Anniversary Edition
hogwarts-legacy-deluxe-edition,Hogwarts Legacy Deluxe Edition
hogwarts-legacy-digital-deluxe-edition,Hogwarts Legacy Digital Deluxe Edition
horizon-forbidden-west-complete-edition,Horizon Forbidden West Complete Edition
hubris,Hubris
human-fall-flat-dream-collection,Human Fall Flat - Dream Collection
hunting-simulator-2,Hunting Simulator 2
i-am-cat,I Am Cat
i-hate-this-place,I Hate This Place
inertial-drift-twilight-rivals,Inertial Drift Twilight Rivals
iron-soldier-2,Iron Soldier 2
jumanji,Jumanji
jurassic-park-classic-games-collection,Jurassic Park Classic Games Collection
jurassic-world-evolution-2,Jurassic World Evolution 2
jurassic-world-evolution-3,Jurassic World Evolution 3
jusant,Jusant
just-dance-2020,Just Dance 2020
just-dance-2021,Just Dance 2021
just-dance-2022,Just Dance 2022
just-dance-2023-edition,Just Dance 2023 Edition
just-dance-2024-edition,Just Dance 2024 Edition
kaku-ancient-seal,Kaku Ancient Seal
kao-the-kangaroo--1,Kao The Kangaroo
karma-the-dark-world,Karma The Dark World
karma-the-dark-world---limited-edition,Karma The Dark World - Limited Edition
kena-bridge-of-spirits,Kena Bridge Of Spirits
kena-bridge-of-spirits---deluxe-edition,Kena Bridge Of Spirits - Deluxe Edition
keywe,Keywe
kiborg,Kiborg
killer-klowns-from-outer-space-the-game,Killer Klowns From Outer Space The Game
killing-floor-iii,Killing Floor III
killzone-2,Killzone 2
kingdom-come-deliverance---royal-edition,Kingdom Come Deliverance - Royal Edition
knight-rider-2-the-game,Knight Rider 2 The Game
kong-survivor-instinct---titans-edition,Kong Survivor Instinct - Titans Edition
last-days-of-lazarus,Last Days Of Lazarus
layers-of-fear--2,Layers Of Fear
legacy-of-kain-soul-reaver-1---2-remastered,Legacy Of Kain Soul Reaver 1 & 2 Remastered
lego-2k-drive,Lego 2 K Drive
lego-2-k-drive-awesome-edition,Lego 2 K Drive Awesome Edition
lego-batman-legacy-of-the-dark-knight,Lego Batman Legacy Of The Dark Knight
lego-batman-legacy-of-the-dark-knight---deluxe-edition,Lego Batman Legacy Of The Dark Knight - Deluxe Edition
lego-brawls,Lego Brawls
lego-dc-super-villains,Lego DC Super-villains
lego-harry-potter-collection--1,Lego Harry Potter Collection
lego-horizon-adventures,Lego Horizon Adventures
lego-voyagers,Lego Voyagers
lets-sing-2024-with-international-hits,Let's Sing 2024 With International Hits
lies-of-p,Lies Of P
lies-of-p-overture,Lies Of P Overture
life-is-strange-double-exposure,Life Is Strange Double Exposure
life-is-strange-remastered-collection,Life Is Strange Remastered Collection
like-a-dragon-gaiden-the-man-who-erased-his-name,Like A Dragon Gaiden The Man Who Erased His Name
like-a-dragon-ishin,Like A Dragon Ishin!
lion-king-ii,Lion King II
lisa-definitive-edition,Lisa Definitive Edition
little-nightmares,Little Nightmares
little-nightmares-ii-enhanced-edition,Little Nightmares II Enhanced Edition
little-nightmares-i-and-ii,Little Nightmares I & II
little-nightmares-iii--1,Little Nightmares III
lords-of-the-fallen--2,Lords Of The Fallen
lost-records-bloom-and-rage,Lost Records Bloom & Rage
lost-soul-aside,Lost Soul Aside
lumo-2,Lumo 2
lunar-lander-beyond,Lunar Lander Beyond
madagascar-escape-2-africa--1,Madagascar Escape 2 Africa
madden-nfl-22,Madden NFL 22
madden-nfl-24,Madden NFL 24
madison-possessed-edition,Madison Possessed Edition
mafia-definitive-edition,Mafia Definitive Edition
magical-bakery,Magical Bakery
marathon--2,Marathon
mario-golf-super-rush,Mario Golf Super Rush
mario-vs-donkey-kong,Mario Vs. Donkey Kong
marvel-avengers-academy,Marvel Avengers Academy
marvel-cosmic-invasion,Marvel Cosmic Invasion
marvels-midnight-suns,Marvel's Midnight Suns
marvels-midnight-suns-enhanced-edition,Marvel's Midnight Suns Enhanced Edition
marvels-spider-man-2-digital-deluxe-edition,Marvel's Spider-man 2 Digital Deluxe Edition
marvels-spider-man-miles-morales,Marvel's Spider-man Miles Morales
marvels-spider-man-miles-morales---ultimate-edition,Marvel's Spider-man Miles Morales - Ultimate Edition
marvels-spider-man-remastered,Marvel's Spider-man Remastered
marvels-wolverine-digital-deluxe-edition,Marvel's Wolverine Digital Deluxe Edition
marvel-tokon-fighting-souls,Marvel Tokon Fighting Souls
master-detective-archives-rain-code-plus,Master Detective Archives Rain Code Plus
matchpoint-tennis-championships---legends-edition,Matchpoint Tennis Championships - Legends Edition
mato-anomalies,Mato Anomalies
medieval-dynasty,Medieval Dynasty
metal-gear-solid-delta-snake-eater---deluxe-edition,Metal Gear Solid Delta Snake Eater - Deluxe Edition
metal-gear-solid-master-collection-version--6,Metal Gear Solid Master Collection Version
metal-gear-solid-master-collection-vol-2-bonus-content,Metal Gear Solid Master Collection Vol. 2 Bonus Content
metal-slug-attack-reloaded,Metal Slug Attack - Reloaded
metal-slug-tactics,Metal Slug Tactics
metro-exodus-complete-edition,Metro Exodus Complete Edition
microsoft-flight-simulator-2024,Microsoft Flight Simulator 2024
minecraft-dungeons-ii,Minecraft Dungeons II
minecraft-legends---deluxe-edition,Minecraft Legends - Deluxe Edition
miraculous-paris-under-siege,Miraculous Paris Under Siege
mixtape--1,Mixtape
mixture--1,Mixture
mlb-the-show-25,MLB The Show 25
monster-truck-championship,Monster Truck Championship
moonscars,Moonscars
mortal-kombat-1--1,Mortal Kombat 1
mortal-kombat-11-ultimate,Mortal Kombat 11 Ultimate
mortal-kombat-1-definitive-edition,Mortal Kombat 1 Definitive Edition
mortal-kombat-1-khaos-reigns-kollection,Mortal Kombat 1 Khaos Reigns Kollection
mortal-kombat-1-premium-edition,Mortal Kombat 1 Premium Edition
mortal-kombat-legacy-kollection,Mortal Kombat Legacy Kollection
mortal-kombat-legacy-kollection---deluxe-edition,Mortal Kombat Legacy Kollection - Deluxe Edition
mortal-kombat-legacy-kollection---kollectors-edition,Mortal Kombat Legacy Kollection - Kollector's Edition
mortal-shell-digital-deluxe-edition,Mortal Shell Digital Deluxe Edition
mortal-shell-enhanced-edition,Mortal Shell Enhanced Edition
mortal-shell-ii,Mortal Shell II
motogp-21,Motogp 21
motogp-22,Motogp 22
motogp-24,Motogp 24
motogp-26,Motogp 26
mouse-pi-for-hire--1,Mouse P.I. For Hire
moving-out-2,Moving Out 2
mxgp-2020-the-official-motocross-videogame,Mxgp 2020 The Official Motocross Videogame
naruto-shippuuden-ultimate-ninja-storm-4-road-to-boruto,Naruto Shippuuden Ultimate Ninja Storm 4 Road To Boruto
naruto-x-boruto-ninja-tribes-ultimate-edition,Naruto X Boruto Ninja Tribes Ultimate Edition
nba-2k21,NBA 2K21
nba-2k22,NBA 2K22
nba-2k23,NBA 2K23
nba-2k24,NBA 2K24
nba-2k25,NBA 2K25
nba-2k26,NBA 2K26
necrophosis-full-consciousness,Necrophosis Full Consciousness
need-for-speed-heat,Need For Speed Heat
need-for-speed-hot-pursuit--3,Need For Speed Hot Pursuit
need-for-speed-hot-pursuit---remastered,Need For Speed Hot Pursuit - Remastered
need-for-speed-ii,Need For Speed II
need-for-speed-payback---deluxe-edition,Need For Speed Payback - Deluxe Edition
need-for-speed-unbound-palace-edition,Need For Speed Unbound Palace Edition
neighbours-back-from-hell,Neighbours Back From Hell
new-tales-from-the-borderlands-deluxe-edition,New Tales From The Borderlands Deluxe Edition
new-world-aeternum--1,New World Aeternum
nickelodeon-all-star-brawl-2,Nickelodeon All-star Brawl 2
nickelodeon-extreme-tennis-next,Nickelodeon Extreme Tennis Next!
nickelodeon-kart-racers-3-slime-speedway,Nickelodeon Kart Racers 3 Slime Speedway
nicktoons-and-the-dice-of-destiny,Nicktoons & The Dice Of Destiny
nier-automata,Nier Automata
ninja-gaiden-ii-black,Ninja Gaiden II Black
nintendo-world-championships-nes-edition,Nintendo World Championships NES Edition
nobody-wants-to-die,Nobody Wants To Die
no-mans-sky-relics,No Man's Sky Relics
no-more-heroes-iii,No More Heroes III
noob-the-factionless,Noob The Factionless
no-rest-for-the-wicked--1,No Rest For The Wicked
nuclear-blaze,Nuclear Blaze
oaken,Oaken
omen-of-sorrow,Omen Of Sorrow
onimusha-tactics,Onimusha Tactics
on-the-road-truck-simulator,On The Road Truck Simulator
operation-serpens,Operation Serpens
operation-wolf-returns-first-mission---rescue-edition,Operation Wolf Returns First Mission - Rescue Edition
outriders-complete-edition,Outriders
outriders-worldslayer,Outriders Worldslayer
overcooked-plus-overcooked-2,Overcooked! + Overcooked! 2
override-2-ultraman-deluxe,Override 2 Ultraman Deluxe
ovrdark-a-do-not-open-story,Ovrdark A Do Not Open Story
oxide-room-208-collector,Oxide Room 208 Collector
pacific-drive,Pacific Drive
pacific-drive-deluxe-edition,Pacific Drive Deluxe Edition
pac-man-mega-tunnel-battle,Pac-man Mega Tunnel Battle
painkiller--1,Painkiller
paper-mario-the-origami-king,Paper Mario The Origami King
party-animals,Party Animals
paw-patrol-grand-prix,Paw Patrol Grand Prix
paw-patrol-the-movie-adventure-city-calls,Paw Patrol The Movie Adventure City Calls
payday-3,Payday 3
persona-3-reload,Persona 3 Reload
persona-3-reload-digital-deluxe-edition,Persona 3 Reload Digital Deluxe Edition
persona-4-revival,Persona 4 Revival
persona-5-tactica,Persona 5 Tactica
pga-tour-2k25,PGA Tour 2K25
pig-escape-2,Pig Escape 2
planet-of-lana,Planet Of Lana
planet-zoo,Planet Zoo
plants-vs-zombies-replanted,Plants Vs. Zombies Replanted
pneumata,Pneumata
poker-club,Poker Club
poppy-playtime,Poppy Playtime
poppy-playtime-chapter-4-safe-haven--1,Poppy Playtime Chapter 4 - Safe Haven
poppy-playtime-triple-pack,Poppy Playtime Triple Pack
pragmata,Pragmata
predator-hunting-grounds-jotun-predator,Predator Hunting Grounds - Jotun Predator
project-tower,Project Tower
quantum-error,Quantum Error
raccoon-city-edition,Raccoon City Edition
raging-loop,Raging Loop
rainbow-six-siege,Rainbow Six Siege
rally-racing-2,Rally Racing 2
ratchet-and-clank,Ratchet & Clank
rayman-30-th-anniversary-edition,Rayman 30 Th Anniversary Edition
rayman-legends-retold-deluxe-edition,Rayman Legends Retold Deluxe Edition
read-only-memories-neurodiver,Read Only Memories Neurodiver
reanimal,Reanimal
red-dead-redemption-2,Red Dead Redemption 2
red-dead-redemption-remastered,Red Dead Redemption Remastered
rematch--1,Rematch
remnant-ii,Remnant II
rennsport--1,Rennsport
resident-evil--8,Resident Evil
resident-evil-0,Resident Evil 0
resident-evil-2-remake,Resident Evil 2 Remake
resident-evil-3-nemesis--1,Resident Evil 3 Nemesis
resident-evil-3-remake,Resident Evil 3 Remake
resident-evil-4-gold-edition,Resident Evil 4 Gold Edition
resident-evil-4-remake,Resident Evil 4 Remake
resident-evil-7-biohazard---gold-edition-grotesque-version,Resident Evil 7 Biohazard - Gold Edition Grotesque Version
resident-evil-code-veronica-x,Resident Evil Code Veronica X
resident-evil-operation-raccoon-city,Resident Evil Operation Raccoon City
resident-evil-requiem,Resident Evil Requiem
resident-evil-requiem-deluxe-edition,Resident Evil Requiem Deluxe Edition
resident-evil-triple-pack,Resident Evil Triple Pack
resident-evil-village-gold-edition,Resident Evil Village Gold Edition
resonance-a-plague-tale-legacy,Resonance A Plague Tale Legacy
returnal,Returnal
revenge-of-the-savage-planet,Revenge Of The Savage Planet
riders-republic,Riders Republic
rise-of-the-tomb-raider,Rise Of The Tomb Raider
road-maintenance-simulator,Road Maintenance Simulator
robocop-rogue-city,Robocop Rogue City
robocop-rogue-city-collection,Robocop Rogue City - Collection
rogue-flight,Rogue Flight
rollercoaster-tycoon-adventures-deluxe,Rollercoaster Tycoon Adventures Deluxe
roller-coaster-tycoon-adventures-deluxe,Roller Coaster Tycoon Adventures Deluxe
rpg-maker-with,RPG Maker With
rugby--1,Rugby
rustler,Rustler
sackboy-a-big-adventure,Sackboy A Big Adventure
sacred-2-remaster,Sacred 2 Remaster
saints-row--1,Saints Row
saints-row-criminal-customs-edition,Saints Row Criminal Customs Edition
saints-row-notorious-edition,Saints Row Notorious Edition
samurai-academy-paws-of-fury,Samurai Academy Paws Of Fury
samurai-warriors-5,Samurai Warriors 5
saros,Saros
scarlet-nexus,Scarlet Nexus
scars-above,Scars Above
seed-of-life,Seed Of Life
seeker-my-shadow,Seeker My Shadow
sessions,Sessions
session-skate-sim,Session Skate Sim
shadows-of-doubt,Shadows Of Doubt
shadow-warrior-3-definitive-edition,Shadow Warrior 3 Definitive Edition
shame-legacy-the-cult-edition,Shame Legacy The Cult Edition
shinobi-art-of-vengeance,Shinobi Art Of Vengeance
sid-meiers-civilization-vii,Sid Meier's Civilization VII
sifu-vengeance-edition,Sifu Vengeance Edition
silent-hill-2-deluxe-edition,Silent Hill 2 Deluxe Edition
silent-hill-2-remake,Silent Hill 2 Remake
silent-hill-f,Silent Hill F
silent-hill-townfall,Silent Hill Townfall
skautfold-usurper,Skautfold Usurper
skull-island-rise-of-kong,Skull Island Rise Of Kong
slave-zero-x,Slave Zero X
sleeping-dogs,Sleeping Dogs
smite-2-founders-edition,Smite 2 Founder's Edition
smurftastic-collection,Smurftastic Collection
sniper-elite-resistance,Sniper Elite Resistance
sniper-ghost-warrior,Sniper Ghost Warrior
sniper-ghost-warrior-contracts-2-elite-edition,Sniper Ghost Warrior Contracts 2 Elite Edition
socom-ii-us-navy-seals,Socom II U.S. Navy Seals
song-in-the-smoke-rekindled,Song In The Smoke Rekindled
sonic-origins-plus,Sonic Origins Plus
sonic-racing-crossworlds,Sonic Racing Crossworlds
sonic-and-shadow--1,Sonic & Shadow
sonic-superstars,Sonic Superstars
sons-of-the-forest,Sons Of The Forest
south-park-snow-day,South Park Snow Day!
special-forces-ii,Special Forces II
spellforce-conquest-of-eo,Spellforce Conquest Of Eo
spider-man-2,Spider-man 2
spirit-hunter-death-mark-ii,Spirit Hunter Death Mark II
stalker-2-heart-of-chornobyl,S.t.a.l.k.e.r. 2 Heart Of Chornobyl
starfield,Starfield
star-overdrive,Star Overdrive
starsand,Starsand
starship-troopers-extermination,Starship Troopers Extermination
star-trek-prodigy-supernova,Star Trek Prodigy Supernova
star-wars-battlefront-ultimate-edition,Star Wars Battlefront Ultimate Edition
star-wars-dark-forces-remastered,Star Wars Dark Forces Remastered
star-wars-episode-i-jedi-power-battles--3,Star Wars Episode I - Jedi Power Battles
star-wars-galactic-racer,Star Wars Galactic Racer
star-wars-jedi-survivor,Star Wars Jedi Survivor
star-wars-outlaws,Star Wars Outlaws
star-wars-outlaws-special-edition,Star Wars Outlaws Special Edition
star-wars-squadrons,Star Wars Squadrons
star-wars-tales-from-the-galaxys-edge,Star Wars Tales From The Galaxy's Edge
steelrising,Steelrising
stellar-blade,Stellar Blade
stellar-blade-complete-edition,Stellar Blade Complete Edition
still-wakes-the-deep,Still Wakes The Deep
stories-from-sol-the-gun-dog,Stories From Sol The Gun-dog
stray-cat,Stray Cat
collector-street-fighter-6-collectors-edition,Street Fighter 6
street-fighter-6-deluxe-edition,Street Fighter 6 Deluxe Edition
street-fighter-6-years-1-2---fighters-edition,Street Fighter 6 Years 1-2 - Fighters Edition
suicide-squad-kill-the-justice-league,Suicide Squad Kill The Justice League
suicide-squad-kill-the-justice-league---deluxe-edition,Suicide Squad Kill The Justice League - Deluxe Edition
super-mario-odyssey-64,Super Mario Odyssey 64
super-mario-party-jamboree,Super Mario Party Jamboree
super-monkey-ball-banana-mania,Super Monkey Ball Banana Mania
sword-art-online-fractured-daydream,Sword Art Online Fractured Daydream
sworn--1,Sworn
syberia-the-world-before,Syberia The World Before
syberia-the-world-before---20-years-edition,Syberia The World Before - 20 Years Edition
synduality-echo-of-ada,Synduality Echo Of Ada
system-shock-2-25-th-anniversary-remaster,System Shock 2 25 Th Anniversary Remaster
tales-of-arise,Tales Of Arise
taxi-chaos-2,Taxi Chaos 2
tchia--1,Tchia
teenage-mutant-ninja-turtles-shredders-revenge,Teenage Mutant Ninja Turtles Shredder's Revenge
teenage-mutant-ninja-turtles-shredders-revenge---anniversary-edition,Teenage Mutant Ninja Turtles Shredder's Revenge - Anniversary Edition
teenage-mutant-ninja-turtles-shredders-revenge---ultimate-edition,Teenage Mutant Ninja Turtles Shredder's Revenge - Ultimate Edition
teenage-mutant-ninja-turtles-splintered-fate---deluxe-edition,Teenage Mutant Ninja Turtles Splintered Fate - Deluxe Edition
teenage-mutant-ninja-turtles-the-cowabunga-collection,Teenage Mutant Ninja Turtles The Cowabunga Collection
tekken-7,Tekken 7
tekken-7-definitive-edition,Tekken 7 Definitive Edition
tekken-8,Tekken 8
tekken-8-advanced-edition,Tekken 8 Advanced Edition
tekken-8-deluxe-edition,Tekken 8 Deluxe Edition
tennis-on-court,Tennis On-court
tennis-world-tour-2-complete-edition,Tennis World Tour 2 Complete Edition
terminator-2d-no-fate,Terminator 2 D No Fate
terminator-resistance,Terminator Resistance
tetris-effect-connected,Tetris Effect Connected
the-alters,The Alters
the-ascent,The Ascent
the-blood-of-dawnwalker,The Blood Of Dawnwalker
the-bridge-curse-2-the-extrication,The Bridge Curse 2 The Extrication
the-callisto-protocol-collector,The Callisto Protocol
the-chant,The Chant
the-crown-of-wu-legend-edition,The Crown Of Wu Legend Edition
the-dark-pictures-anthology-the-devil-in-me,The Dark Pictures Anthology The Devil In Me
the-devil-haunts-me,The Devil Haunts Me
the-devil-within-satgat,The Devil Within Satgat
the-elder-scrolls-iv-oblivion---game-of-the-year-edition,The Elder Scrolls IV Oblivion - Game Of The Year Edition
the-elder-scrolls-iv-oblivion-remastered,The Elder Scrolls IV Oblivion Remastered
the-evil-dead,The Evil Dead
the-first-berserker-khazan,The First Berserker Khazan
the-house-of-the-dead-remake,The House Of The Dead Remake
thehunter-call-of-the-wild,Thehunter Call Of The Wild
the-inquisitor-deluxe-edition,The Inquisitor Deluxe Edition
the-invincible,The Invincible
the-last-of-us-complete-collector,The Last Of Us Complete Collector
the-last-of-us-part-ii,The Last Of Us Part II
the-last-of-us-part-ii-remastered,The Last Of Us Part II Remastered
the-last-of-us-part-i-remake,The Last Of Us Part I Remake
the-last-worker,The Last Worker
the-legend-of-heroes-trails-beyond-the-horizon-deluxe-edition,The Legend Of Heroes Trails Beyond The Horizon Deluxe Edition
the-light-brigade,The Light Brigade
the-light-brigade-collectors-edition,The Light Brigade Collector's Edition
the-lord-of-the-rings-gollum,The Lord Of The Rings Gollum
the-lord-of-the-rings-the-battle-for-middle-earth-ii,The Lord Of The Rings The Battle For Middle-earth II
the-neighborhood,The Neighborhood
the-nioh-collection,The Nioh Collection
the-outer-worlds-2,The Outer Worlds 2
the-outlast-trials-deluxe-edition,The Outlast Trials Deluxe Edition
the-pathless,The Pathless
the-persistence-enhanced,The Persistence Enhanced
the-precinct,The Precinct
the-quarry,The Quarry
the-quarry-deluxe-edition,The Quarry Deluxe Edition
the-rogue-prince-of-persia,The Rogue Prince Of Persia
the-rumble-fish-2--2,The Rumble Fish 2
the-smurfs-mission-vileaf,The Smurfs Mission Vileaf
the-smurfs-village-party,The Smurfs Village Party
the-tale-of-onogoro,The Tale Of Onogoro
the-texas-chain-saw-massacre,The Texas Chain Saw Massacre
the-thaumaturge,The Thaumaturge
the-walking-dead-destinies,The Walking Dead Destinies
the-walking-dead-saints-and-sinners,The Walking Dead Saints & Sinners
the-walking-dead-the-telltale-definitive-series,The Walking Dead The Telltale Definitive Series
the-witcher-3-wild-hunt,The Witcher 3 Wild Hunt
the-witcher-3-wild-hunt---complete-edition,The Witcher 3 Wild Hunt - Complete Edition
the-witcher-iv,The Witcher IV
thymesia,Thymesia
tides-of-tomorrow,Tides Of Tomorrow
tintin-reporter-cigars-of-the-pharaoh,Tintin Reporter Cigars Of The Pharaoh
tintin-reporter-cigars-of-the-pharaoh---limited-edition,Tintin Reporter Cigars Of The Pharaoh - Limited Edition
tiny-tinas-wonderlands,Tiny Tina's Wonderlands
tiny-tinas-wonderlands-next-level-edition,Tiny Tina's Wonderlands Next Level Edition
tiny-troopers-global-ops,Tiny Troopers Global Ops
tokyo-xtreme-racer--1,Tokyo Xtreme Racer
tomb-raider-i•ii•iii-remastered,Tomb Raider I•ii•iii Remastered
tomb-raider-i-vi-remastered,Tomb Raider I-VI Remastered
tomb-raider-iv.v.vi-remastered,Tomb Raider Iv.v.vi Remastered
tomb-raider-legacy-of-atlantis,Tomb Raider Legacy Of Atlantis
tom-clancy-s-ghost-recon-2,Tom Clancy's Ghost Recon 2
tom-clancys-rainbow-six-extraction,Tom Clancy's Rainbow Six Extraction
tom-clancy's-rainbow-six-siege-x-deluxe-edition,Tom Clancy's Rainbow Six Siege X Deluxe Edition
tom-clancys-rainbow-six-siege-x-elite-edition,Tom Clancy's Rainbow Six Siege X Elite Edition
tom-clancys-the-division-2,Tom Clancy's The Division 2
topspin-2k25,Topspin 2K25
tormented-souls-ii,Tormented Souls II
touhou-spell-carnival,Touhou Spell Carnival
tourist-bus-simulator,Tourist Bus Simulator
towa-and-the-guardians-of-the-sacred-tree,Towa And The Guardians Of The Sacred Tree
tramsim-deluxe,Tramsim Deluxe
trepang2,Trepang2
tribes-of-midgard-deluxe-edition,Tribes Of Midgard Deluxe Edition
troll-and-i,Troll And I
truck-driver-the-american-dream,Truck Driver The American Dream
truck-and-logistics-simulator,Truck & Logistics Simulator
twisted-metal-4--1,Twisted Metal 4
ufc-5-deluxe-edition,UFC 5 Deluxe Edition
ufouria-the-saga-2,Ufouria The Saga 2
unbound-worlds-apart,Unbound Worlds Apart
uncharted-4-a-thief-s-end,Uncharted 4 A Thief's End
uncharted-legacy-of-thieves-collection,Uncharted Legacy Of Thieves Collection
uncharted-ocean,Uncharted Ocean
uncharted-the-nathan-drake-collection,Uncharted The Nathan Drake Collection
undead-citadel,Undead Citadel
undertale,Undertale
under-the-waves,Under The Waves
undisputed,Undisputed
unholy,Unholy
unicorn-overlord--1,Unicorn Overlord
unknown-9-awakening,Unknown 9 Awakening
unravel,Unravel
unravel-two,Unravel Two
until-dawn--1,Until Dawn
until-dawn-2,Until Dawn 2
valkyrie-elysium,Valkyrie Elysium
vampire-the-masquerade-bloodlines-2,Vampire The Masquerade - Bloodlines 2
vampire-the-masquerade-justice,Vampire The Masquerade - Justice
vampire-the-masquerade-swansong,Vampire The Masquerade - Swansong
vertigo-2,Vertigo 2
viewfinder,Viewfinder
virgo-versus-the-zodiac,Virgo Versus The Zodiac
visions-of-mana,Visions Of Mana
v-rising,V Rising
wanderer-the-fragments-of-fate,Wanderer The Fragments Of Fate
wanted-dead,Wanted Dead
warhammer-40000-mechanicus-ii,"Warhammer 40,000 Mechanicus II"
warhammer-40000-space-marine-ii,"Warhammer 40,000 Space Marine II"
"warhammer-40,000-space-marine-ii---gold-edition","Warhammer 40,000 Space Marine II - Gold Edition"
warhammer-40000-speed-freeks,"Warhammer 40,000 Speed Freeks"
warhammer-age-of-sigmar-realms-of-ruin,Warhammer Age Of Sigmar Realms Of Ruin
warhammer-chaosbane---slayer-edition,Warhammer Chaosbane - Slayer Edition
warm-snow,Warm Snow
watch-dogs-2,Watch Dogs 2
watch-dogs-legion,Watch Dogs Legion
way-of-the-hunter,Way Of The Hunter
way-out,Way Out
weird-west,Weird West
weird-west-definitive-edition,Weird West Definitive Edition
welcome-to-paradize,Welcome To Paradize
werewolf-the-apocalypse-rageborn,Werewolf The Apocalypse - Rageborn
white-day-a-labyrinth-named-school,White Day A Labyrinth Named School
wild-bastards,Wild Bastards
wild-hearts,Wild Hearts
winter-sports-games,Winter Sports Games
wizardry-proving-grounds-of-the-mad-overlord--1,Wizardry Proving Grounds Of The Mad Overlord
wizard-with-a-gun,Wizard With A Gun
wolfenstein-ii-the-new-colossus,Wolfenstein II The New Colossus
wo-long-fallen-dynasty,Wo Long Fallen Dynasty
worldless,Worldless
world-war-z-aftermath,World War Z Aftermath
worms-rumble,Worms Rumble
worms-rumble-fully-loaded-edition,Worms Rumble Fully Loaded Edition
wrc-10,WRC 10
wrc-9,WRC 9
wreckfest,Wreckfest
wreckreation,Wreckreation
wuchang-fallen-feathers,Wuchang Fallen Feathers
wwe-2k22,WWE 2K22
wwe-2k23,WWE 2K23
wwe-2k24,WWE 2K24
wwe-2k25,WWE 2K25
wwe-2k26,WWE 2K26
xiii-remake,XIII Remake
yakuza-0-directors-cut,Yakuza 0 Director's Cut
yakuza-kiwami-3-and-dark-ties,Yakuza Kiwami 3 & Dark Ties
yakuza-like-a-dragon,Yakuza Like A Dragon
you-suck-at-parking-complete-edition,You Suck At Parking Complete Edition
ys-x-nordics---deluxe-edition,Ys X Nordics - Deluxe Edition
yuoni-sunset-edition,Yuoni Sunset Edition
yurukill-the-calumniation-games---deluxe-edition,Yurukill The Calumniation Games - Deluxe Edition
ziggurat-2,Ziggurat 2
zorro-the-chronicles,Zorro The Chronicles
