game_id,slug,title,igdb_id,category,note
5208,1917-the-alien-invasion-dx-remastered,1917 The Alien Invasion DX Remastered,332592,unknown,needs PS store search / manual
3738,9-th-dawn-remake,9 Th Dawn Remake,301042,unknown,needs PS store search / manual
235,against-the-storm,Against The Storm,147519,unknown,needs PS store search / manual
18827,age-of-empires-ii-definitive-edition,Age Of Empires II Definitive Edition,144346,unknown,needs PS store search / manual
3865,ai-detective-collection,AI Detective Collection,302397,unknown,needs PS store search / manual
187,alan-wake-ii-deluxe-edition,Alan Wake II Deluxe Edition,311975,edition_of_priced,base: Alan Wake II
2515,alan-wake-remastered,Alan Wake Remastered,167611,unknown,needs PS store search / manual
11801,among-us-crewmate-edition,Among Us Crewmate Edition,155093,unknown,needs PS store search / manual
12218,animal-crossing-new-horizons,Animal Crossing New Horizons,109462,nintendo,not on PS Store
292,animal-kart-racer,Animal Kart Racer,154790,unknown,needs PS store search / manual
360,anno-1800,Anno 1800,55036,unknown,needs PS store search / manual
468,asphalt-legends-unite-supercharged-edition,Asphalt Legends Unite Supercharged Edition,363017,unknown,needs PS store search / manual
3327,assassins-creed-black-flag-resynced-deluxe-edition,Assassin's Creed Black Flag Resynced Deluxe Edition,409613,edition_of_priced,base: Assassin's Creed Black Flag Resynced
2854,assassins-creed-mirage-master-assassin-pack,Assassin's Creed Mirage Master Assassin Pack,360516,dlc_addon,add-on / pack / DLC
20784,assassins-creed-odyssey---ultimate-edition,Assassin's Creed Odyssey - Ultimate Edition,27567,edition_of_priced,base: Assassin's Creed Odyssey
3328,assassins-creed-rogue-remastered,Assassin's Creed Rogue Remastered,81205,unknown,needs PS store search / manual
3329,assassins-creed-shadows-digital-deluxe-edition,Assassin's Creed Shadows Digital Deluxe Edition,336776,edition_of_priced,base: Assassin's Creed Shadows
11980,assassins-creed-the-rebel-collection,Assassin's Creed The Rebel Collection,122236,unknown,needs PS store search / manual
3332,assassins-creed-valhalla-complete-edition,Assassin's Creed Valhalla Complete Edition,191960,edition_of_priced,base: Assassin's Creed Valhalla
3934,assetto-corsa-competizione--1,Assetto Corsa Competizione,171274,dlc_addon,add-on / pack / DLC
345,atari-50-the-anniversary-celebration,Atari 50 The Anniversary Celebration,317961,unknown,needs PS store search / manual
3896,atelier-yumia-swimsuit-set,Atelier Yumia Swimsuit Set,351167,dlc_addon,add-on / pack / DLC
2376,atomic-heart-ii,Atomic Heart II,347639,unknown,needs PS store search / manual
4119,avatar-frontiers-of-pandora-from-the-ashes,Avatar Frontiers Of Pandora - From The Ashes,371949,unknown,needs PS store search / manual
2295,avatar-frontiers-of-pandora---special-edition,Avatar Frontiers Of Pandora - Special Edition,281300,edition_of_priced,base: Avatar Frontiers Of Pandora
145,avengers,Avengers,46822,unknown,needs PS store search / manual
3221,batman-arkham-collection,Batman Arkham Collection,112659,unknown,needs PS store search / manual
3341,batman-arkham-knight-batman-inc-skin,Batman Arkham Knight - Batman Inc. Skin,25972,dlc_addon,add-on / pack / DLC
11981,batman-arkham-trilogy,Batman Arkham Trilogy,254329,unknown,needs PS store search / manual
18565,battlefield-1-revolution,Battlefield 1 Revolution,94085,unknown,needs PS store search / manual
3348,battlefield-v-definitive-edition,Battlefield V Definitive Edition,140898,edition_of_priced,base: Battlefield V
3349,beat-saber,Beat Saber,83731,unknown,needs PS store search / manual
368,behemoth,Behemoth,320724,unknown,needs PS store search / manual
12404,ben-10--3,Ben 10,363904,unknown,needs PS store search / manual
328,beyond-a-steel-sky,Beyond A Steel Sky,116634,unknown,needs PS store search / manual
350,bitmap-bureau-collection,Bitmap Bureau Collection,287089,unknown,needs PS store search / manual
448,bitmap-bureau-collection-deluxe-edition,Bitmap Bureau Collection Deluxe Edition,294814,unknown,needs PS store search / manual
422,borderlands-3-ultimate-edition,Borderlands 3 Ultimate Edition,140899,edition_of_priced,base: Borderlands 3
3358,borderlands-legendary-collection,Borderlands Legendary Collection,498,unknown,needs PS store search / manual
12827,brothers-in-arms-2-global-front,Brothers In Arms 2 Global Front,64301,unknown,needs PS store search / manual
67,call-of-duty-black-ops-6,Call Of Duty Black Ops 6,302156,unknown,needs PS store search / manual
1565,call-of-duty-black-ops-7,Call Of Duty Black Ops 7,348220,unknown,needs PS store search / manual
18256,call-of-duty-black-ops-iii-zombies-chronicles,Call Of Duty Black Ops III - Zombies Chronicles,28413,unknown,needs PS store search / manual
1534,call-of-duty-modern-warfare-4,Call Of Duty Modern Warfare 4,403310,unknown,needs PS store search / manual
3374,call-of-duty-modern-warfare-remastered,Call Of Duty Modern Warfare Remastered,24920,edition_of_priced,base: Call Of Duty Modern Warfare
3179,call-of-duty-wwii---gold-edition,Call Of Duty Wwii - Gold Edition,118729,edition_of_priced,base: Call Of Duty Wwii
5197,carmen-sandiego-40-th-anniversary-edition,Carmen Sandiego 40 Th Anniversary Edition,400999,unknown,needs PS store search / manual
329,catan-سوپر-deluxe,Catan سوپر Deluxe,21830,unknown,needs PS store search / manual
2860,cave-digger-2-dig-harder,Cave Digger 2 Dig Harder,158682,unknown,needs PS store search / manual
397,chef-life-a-restaurant-simulator---al-forno-edition,Chef Life A Restaurant Simulator - Al Forno Edition,229122,unknown,needs PS store search / manual
12987,chuck-rock--2,Chuck Rock,275025,unknown,needs PS store search / manual
12548,civil-war-ii,Civil War II,17527,unknown,needs PS store search / manual
407,clash-artifacts-of-chaos---zeno-edition,Clash Artifacts Of Chaos - Zeno Edition,230125,unknown,needs PS store search / manual
12625,commando-2,Commando 2,85900,unknown,needs PS store search / manual
86,commandos-origins---deluxe-edition,Commandos Origins - Deluxe Edition,339554,edition_of_priced,base: Commandos Origins
3180,company-of-heroes-3-console-edition,Company Of Heroes 3 Console Edition,228537,unknown,needs PS store search / manual
12894,conflict-2-blitz,Conflict 2 Blitz,311241,unknown,needs PS store search / manual
12867,conflict-desert-storm-ii-back-to-baghdad,Conflict Desert Storm II Back To Baghdad,3864,unknown,needs PS store search / manual
21257,control,Control,103329,unknown,needs PS store search / manual
21256,control-resonant,Control Resonant,225582,unknown,needs PS store search / manual
2341,control-ultimate-edition,Control Ultimate Edition,136604,unknown,needs PS store search / manual
2954,crash-bandicoot-warped,Crash Bandicoot Warped,1187,unknown,needs PS store search / manual
168,crash-team-rumble-deluxe-edition,Crash Team Rumble Deluxe Edition,246296,edition_of_priced,base: Crash Team Rumble
2564,cricket-22,Cricket 22,175987,unknown,needs PS store search / manual
4057,crisis-core-final-fantasy-7-remake,Crisis Core Final Fantasy 7 Remake,2407,unknown,needs PS store search / manual
2834,crossfire-sierra-squad,Crossfire Sierra Squad,229351,unknown,needs PS store search / manual
12619,crush--3,Crush,362002,unknown,needs PS store search / manual
2908,crysis-2-remastered,Crysis 2 Remastered,165126,unknown,needs PS store search / manual
3397,cuphead-and-the-delicious-last-course,Cuphead & The Delicious Last Course,210917,unknown,needs PS store search / manual
2844,cyberpunk-2077-phantom-liberty-ultimate-edition,Cyberpunk 2077 Phantom Liberty Ultimate Edition,215769,unknown,needs PS store search / manual
3142,cyberpunk-2077-ultimate-edition,Cyberpunk 2077 Ultimate Edition,277807,edition_of_priced,base: Cyberpunk 2077
18188,dark-souls-iii-deluxe-edition,Dark Souls III Deluxe Edition,47486,edition_of_priced,base: Dark Souls III
3402,dark-souls-remastered,Dark Souls Remastered,81085,unknown,needs PS store search / manual
1593,days-gone-remastered,Days Gone Remastered,331206,edition_of_priced,base: Days Gone
3405,dead-daylight,Dead Daylight,330916,unknown,needs PS store search / manual
3406,dead-island-definitive-edition,Dead Island Definitive Edition,536,unknown,needs PS store search / manual
230,death-stranding-directors-cut,Death Stranding Director's Cut,152063,unknown,needs PS store search / manual
3874,demon-slayer-kimetsu-no-yaiba-the-hinokami-chronicles-2,Demon Slayer Kimetsu No Yaiba - The Hinokami Chronicles 2,337907,edition_of_priced,base: Demon Slayer Kimetsu No Yaiba - The Hinokami Chronicles 2 Deluxe Edition
2467,destiny-2-lightfall,Destiny 2 Lightfall,134832,unknown,needs PS store search / manual
19379,destiny-2-the-final-shape,Destiny 2 The Final Shape,250645,unknown,needs PS store search / manual
3165,destroy-all-humans-2--1,Destroy All Humans! 2,215449,unknown,needs PS store search / manual
267,devil-may-cry-5,Devil May Cry 5,76253,edition_of_priced,base: Devil May Cry 5 Special Edition
2575,diablo-iv-vessel-of-hatred,Diablo IV Vessel Of Hatred,275171,dlc_addon,add-on / pack / DLC
18702,dirty-jobs-simulator,Dirty Jobs Simulator,120688,unknown,needs PS store search / manual
3427,dmc-devil-may-cry-definitive-edition,Dmc Devil May Cry Definitive Edition,1254,unknown,needs PS store search / manual
2593,dolmen--1,Dolmen,75304,unknown,needs PS store search / manual
11685,donkey-kong-bananza,Donkey Kong Bananza,338106,nintendo,not on PS Store
3434,doom-the-dark-ages---premium-edition,Doom The Dark Ages - Premium Edition,329298,edition_of_priced,base: Doom The Dark Ages
12303,dragon-ball-fighterz-goku,Dragon Ball Fighterz Goku,144706,unknown,needs PS store search / manual
7867,dragon-quest-iii-hd-2-d-remake,Dragon Quest III HD-2 D Remake,149980,unknown,needs PS store search / manual
2837,dragon-s-dogma,Dragon's Dogma,3968,unknown,needs PS store search / manual
3782,dreadout-remastered-collection,Dreadout Remastered Collection,52944,unknown,needs PS store search / manual
12728,driver-san-francisco,Driver San Francisco,554,unknown,needs PS store search / manual
2365,dynasty-warriors-3-complete-edition-remastered,Dynasty Warriors 3 Complete Edition Remastered,369991,unknown,needs PS store search / manual
363,dyschronia-chronos-alternate,Dyschronia Chronos Alternate,178825,unknown,needs PS store search / manual
2432,ea-sports-fc-24-ultimate-edition,EA Sports FC 24 Ultimate Edition,256169,edition_of_priced,base: EA Sports FC 24
5880,ea-sports-fc-25-ultimate-edition,EA Sports FC 25 Ultimate Edition,309043,edition_of_priced,base: EA Sports FC 25
3444,ea-sports-fc-26-ultimate-edition,EA Sports FC 26 Ultimate Edition,356805,edition_of_priced,base: EA Sports FC 26
2349,ea-sports-fc-27,EA Sports FC 27,408819,unknown,needs PS store search / manual
5921,ea-sports-ufc-5-ultimate-edition,EA Sports UFC 5 Ultimate Edition,308591,edition_of_priced,base: EA Sports UFC 5
3732,ea-sports-ufc-6-ultimate-edition,EA Sports UFC 6 Ultimate Edition,402962,edition_of_priced,base: EA Sports UFC 6
18917,ea-sports-wrc-24,EA Sports WRC 24,319197,unknown,needs PS store search / manual
83,elden-ring-nightreign-collectors-edition,Elden Ring Nightreign Collector's Edition,331167,unknown,needs PS store search / manual
2757,elden-ring-nightreign---seekers-edition,Elden Ring Nightreign - Seeker's Edition,375852,unknown,needs PS store search / manual
26,elden-ring-shadow-of-the-erdtree,Elden Ring Shadow Of The Erdtree,240009,unknown,needs PS store search / manual
4168,everspace-2-stellar-edition,Everspace 2 Stellar Edition,246298,unknown,needs PS store search / manual
2786,evil-nun-the-broken-mask---unholy-edition,Evil Nun The Broken Mask - Unholy Edition,324596,unknown,needs PS store search / manual
2578,f1-2021,F1 2021,145838,unknown,needs PS store search / manual
2491,f1-22,F1 22,198200,unknown,needs PS store search / manual
3088,f1-24,F1 24,287578,unknown,needs PS store search / manual
3135,far-cry-6-game-of-the-year-edition,Far Cry 6 Game Of The Year Edition,220800,edition_of_priced,base: Far Cry 6
2571,far-cry-6-gold-edition,Far Cry 6 Gold Edition,136403,edition_of_priced,base: Far Cry 6
441,farmers-vs-zombies,Farmers Vs Zombies,146442,unknown,needs PS store search / manual
3835,fast-and-furious-arcade,Fast And Furious Arcade,98694,unknown,needs PS store search / manual
12029,fast-and-furious-arcade--1,Fast & Furious Arcade,234789,unknown,needs PS store search / manual
151,fatal-frame-ii-crimson-butterfly-remake,Fatal Frame II Crimson Butterfly Remake,366890,unknown,needs PS store search / manual
3458,fatal-fury-city-of-the-wolves---special-edition,Fatal Fury City Of The Wolves - Special Edition,327461,edition_of_priced,base: Fatal Fury City Of The Wolves
2581,fifa-21-nxt-lvl-edition,Fifa 21 NXT LVL Edition,141310,unknown,needs PS store search / manual
12919,fighting-force-2,Fighting Force 2,11615,unknown,needs PS store search / manual
3462,final-fantasy-xiv-dawntrail,Final Fantasy XIV Dawntrail,259338,unknown,needs PS store search / manual
109,final-fantasy-xvi-deluxe-edition,Final Fantasy XVI Deluxe Edition,228738,edition_of_priced,base: Final Fantasy XVI
4177,firefighting-simulator-the-squad,Firefighting Simulator The Squad,228376,unknown,needs PS store search / manual
2526,f.i.s.t.-forged-in-shadow-torch---limited-edition,F.i.s.t. Forged In Shadow Torch - Limited Edition,284481,unknown,needs PS store search / manual
18766,football-manager-26,Football Manager 26,365487,unknown,needs PS store search / manual
3468,for-honor,For Honor,11162,unknown,needs PS store search / manual
1588,forza-horizon-5-deluxe-edition,Forza Horizon 5 Deluxe Edition,171269,edition_of_priced,base: Forza Horizon 5
1579,forza-horizon-5-premium-edition,Forza Horizon 5 Premium Edition,171270,edition_of_priced,base: Forza Horizon 5
12562,frontlines-fuel-of-war,Frontlines Fuel Of War,6997,unknown,needs PS store search / manual
7988,front-mission--1,Front Mission,47718,unknown,needs PS store search / manual
5239,front-mission-1-st-remake,Front Mission 1 St Remake,191400,unknown,needs PS store search / manual
2366,frostpunk-2-icebreaker-edition,Frostpunk 2 Icebreaker Edition,362011,unknown,needs PS store search / manual
248,gear.club-unlimited-2-ultimate-edition,Gear.club Unlimited 2 Ultimate Edition,172591,unknown,needs PS store search / manual
3795,ghost-master,Ghost Master,726,unknown,needs PS store search / manual
44,ghost-of-tsushima-directors-cut,Ghost Of Tsushima Director's Cut,153700,unknown,needs PS store search / manual
18913,goat-simulator-remastered,Goat Simulator Remastered,314250,unknown,needs PS store search / manual
4190,godfall,Godfall,127343,unknown,needs PS store search / manual
3481,god-of-war-iii-remastered,God Of War III Remastered,19959,unknown,needs PS store search / manual
12282,gotham-knights-special-edition,Gotham Knights Special Edition,324765,edition_of_priced,base: Gotham Knights
17823,gothic-1-remake,Gothic 1 Remake,148227,unknown,needs PS store search / manual
3483,grand-theft-auto-the-trilogy-the-definitive-edition,Grand Theft Auto The Trilogy The Definitive Edition,5850,unknown,needs PS store search / manual
1517,grand-theft-auto-vi-ultimate-edition,Grand Theft Auto VI Ultimate Edition,407999,edition_of_priced,base: Grand Theft Auto VI
7467,gran-turismo-7-25-th-anniversary-edition,Gran Turismo 7 25 Th Anniversary Edition,172566,unknown,needs PS store search / manual
432,gungrave-gore,Gungrave G.o.r.e,78113,unknown,needs PS store search / manual
2934,hades-2,Hades 2,134619,unknown,needs PS store search / manual
12868,hard-driver-2,Hard Driver 2,148858,unknown,needs PS store search / manual
2790,harry-potter-quidditch-champions---deluxe-edition,Harry Potter Quidditch Champions - Deluxe Edition,318003,edition_of_priced,base: Harry Potter Quidditch Champions
186,hell-let-loose-deluxe-edition,Hell Let Loose Deluxe Edition,273004,edition_of_priced,base: Hell Let Loose
2570,hitman-3-deluxe-edition,Hitman 3 Deluxe Edition,140438,edition_of_priced,base: Hitman 3
2316,hitman-world-of-assassination,Hitman World Of Assassination,233571,unknown,needs PS store search / manual
11531,hitman-world-of-assassination-25-th-anniversary-edition,Hitman World Of Assassination 25 Th Anniversary Edition,347699,unknown,needs PS store search / manual
18681,hogwarts-legacy-deluxe-edition,Hogwarts Legacy Deluxe Edition,214873,edition_of_priced,base: Hogwarts Legacy
5987,hogwarts-legacy-digital-deluxe-edition,Hogwarts Legacy Digital Deluxe Edition,214440,edition_of_priced,base: Hogwarts Legacy
2826,horizon-forbidden-west-complete-edition,Horizon Forbidden West Complete Edition,268842,edition_of_priced,base: Horizon Forbidden West
364,hubris,Hubris,114705,unknown,needs PS store search / manual
219,human-fall-flat-dream-collection,Human Fall Flat - Dream Collection,252173,unknown,needs PS store search / manual
2565,hunting-simulator-2,Hunting Simulator 2,130000,unknown,needs PS store search / manual
5926,i-am-cat,I Am Cat,303244,unknown,needs PS store search / manual
19,i-hate-this-place,I Hate This Place,336144,unknown,needs PS store search / manual
284,inertial-drift-twilight-rivals,Inertial Drift Twilight Rivals,227054,unknown,needs PS store search / manual
12838,iron-soldier-2,Iron Soldier 2,40827,unknown,needs PS store search / manual
2583,jumanji,Jumanji,70577,unknown,needs PS store search / manual
3516,just-dance-2020,Just Dance 2020,119256,unknown,needs PS store search / manual
4209,just-dance-2024-edition,Just Dance 2024 Edition,252986,unknown,needs PS store search / manual
2765,karma-the-dark-world---limited-edition,Karma The Dark World - Limited Edition,351141,unknown,needs PS store search / manual
261,kena-bridge-of-spirits---deluxe-edition,Kena Bridge Of Spirits - Deluxe Edition,173109,edition_of_priced,base: Kena Bridge Of Spirits
12408,killzone-2,Killzone 2,1866,unknown,needs PS store search / manual
12702,knight-rider-2-the-game,Knight Rider 2 The Game,22370,unknown,needs PS store search / manual
2367,kong-survivor-instinct---titans-edition,Kong Survivor Instinct - Titans Edition,393449,unknown,needs PS store search / manual
19394,layers-of-fear--2,Layers Of Fear,239163,unknown,needs PS store search / manual
5532,lego-2k-drive,Lego 2 K Drive,242493,unknown,needs PS store search / manual
7449,lego-2-k-drive-awesome-edition,Lego 2 K Drive Awesome Edition,242494,unknown,needs PS store search / manual
3522,lego-batman-legacy-of-the-dark-knight---deluxe-edition,Lego Batman Legacy Of The Dark Knight - Deluxe Edition,387030,edition_of_priced,base: Lego Batman Legacy Of The Dark Knight
18508,lets-sing-2024-with-international-hits,Let's Sing 2024 With International Hits,268592,unknown,needs PS store search / manual
3527,lies-of-p-overture,Lies Of P Overture,331204,unknown,needs PS store search / manual
112,life-is-strange-remastered-collection,Life Is Strange Remastered Collection,144770,unknown,needs PS store search / manual
12528,lion-king-ii,Lion King II,203658,unknown,needs PS store search / manual
3836,lisa-definitive-edition,Lisa Definitive Edition,26652,unknown,needs PS store search / manual
3069,little-nightmares-i-and-ii,Little Nightmares I & II,178179,unknown,needs PS store search / manual
12953,madagascar-escape-2-africa--1,Madagascar Escape 2 Africa,116787,unknown,needs PS store search / manual
2584,madden-nfl-22,Madden NFL 22,152480,unknown,needs PS store search / manual
366,madison-possessed-edition,Madison Possessed Edition,198392,unknown,needs PS store search / manual
3540,mafia-definitive-edition,Mafia Definitive Edition,325379,unknown,needs PS store search / manual
12179,mario-golf-super-rush,Mario Golf Super Rush,143609,nintendo,not on PS Store
11963,mario-vs-donkey-kong,Mario Vs. Donkey Kong,6505,nintendo,not on PS Store
2340,marvel-avengers-academy,Marvel Avengers Academy,18028,unknown,needs PS store search / manual
413,marvels-midnight-suns-enhanced-edition,Marvel's Midnight Suns Enhanced Edition,203808,unknown,needs PS store search / manual
5856,marvels-spider-man-2-digital-deluxe-edition,Marvel's Spider-man 2 Digital Deluxe Edition,272508,edition_of_priced,base: Marvel's Spider-man 2
3287,marvels-spider-man-miles-morales---ultimate-edition,Marvel's Spider-man Miles Morales - Ultimate Edition,138947,edition_of_priced,base: Marvel's Spider-man Miles Morales
3061,marvels-spider-man-remastered,Marvel's Spider-man Remastered,138949,edition_of_priced,base: Marvel's Spider-man Game Of The Year Edition
3551,marvels-wolverine-digital-deluxe-edition,Marvel's Wolverine Digital Deluxe Edition,407453,edition_of_priced,base: Marvel's Wolverine
2447,matchpoint-tennis-championships---legends-edition,Matchpoint Tennis Championships - Legends Edition,199628,unknown,needs PS store search / manual
2781,mato-anomalies,Mato Anomalies,212050,unknown,needs PS store search / manual
85,metal-gear-solid-delta-snake-eater---deluxe-edition,Metal Gear Solid Delta Snake Eater - Deluxe Edition,359838,edition_of_priced,base: Metal Gear Solid Delta Snake Eater
5749,metal-gear-solid-master-collection-vol-2-bonus-content,Metal Gear Solid Master Collection Vol. 2 Bonus Content,392677,unknown,needs PS store search / manual
4231,metro-exodus-complete-edition,Metro Exodus Complete Edition,147016,edition_of_priced,base: Metro Exodus
321,minecraft-legends---deluxe-edition,Minecraft Legends - Deluxe Edition,233678,edition_of_priced,base: Minecraft Legends
2816,mixture--1,Mixture,237776,unknown,needs PS store search / manual
2556,mortal-kombat-11-ultimate,Mortal Kombat 11 Ultimate,139446,edition_of_priced,base: Mortal Kombat 11
1610,mortal-kombat-1-definitive-edition,Mortal Kombat 1 Definitive Edition,370302,edition_of_priced,base: Mortal Kombat 1
3571,mortal-kombat-1-khaos-reigns-kollection,Mortal Kombat 1 Khaos Reigns Kollection,314153,unknown,needs PS store search / manual
2435,mortal-kombat-1-premium-edition,Mortal Kombat 1 Premium Edition,250148,edition_of_priced,base: Mortal Kombat 1
2711,mortal-kombat-legacy-kollection---deluxe-edition,Mortal Kombat Legacy Kollection - Deluxe Edition,398998,edition_of_priced,base: Mortal Kombat Legacy Kollection
12960,mortal-kombat-legacy-kollection---kollectors-edition,Mortal Kombat Legacy Kollection - Kollector's Edition,403916,unknown,needs PS store search / manual
2587,mortal-shell-digital-deluxe-edition,Mortal Shell Digital Deluxe Edition,214474,unknown,needs PS store search / manual
2554,mxgp-2020-the-official-motocross-videogame,Mxgp 2020 The Official Motocross Videogame,139939,unknown,needs PS store search / manual
18395,naruto-shippuuden-ultimate-ninja-storm-4-road-to-boruto,Naruto Shippuuden Ultimate Ninja Storm 4 Road To Boruto,24287,unknown,needs PS store search / manual
225,naruto-x-boruto-ninja-tribes-ultimate-edition,Naruto X Boruto Ninja Tribes Ultimate Edition,106295,unknown,needs PS store search / manual
7539,nba-2k21,NBA 2K21,134599,unknown,needs PS store search / manual
7515,nba-2k22,NBA 2K22,157446,unknown,needs PS store search / manual
6380,nba-2k23,NBA 2K23,207393,unknown,needs PS store search / manual
6029,nba-2k24,NBA 2K24,255788,unknown,needs PS store search / manual
6768,nba-2k25,NBA 2K25,308034,unknown,needs PS store search / manual
6659,nba-2k26,NBA 2K26,353901,unknown,needs PS store search / manual
12288,need-for-speed-hot-pursuit--3,Need For Speed Hot Pursuit,264364,unknown,needs PS store search / manual
6095,need-for-speed-hot-pursuit---remastered,Need For Speed Hot Pursuit - Remastered,139346,unknown,needs PS store search / manual
12743,need-for-speed-ii,Need For Speed II,91,unknown,needs PS store search / manual
18672,need-for-speed-payback---deluxe-edition,Need For Speed Payback - Deluxe Edition,23161,edition_of_priced,base: Need For Speed Payback
3588,need-for-speed-unbound-palace-edition,Need For Speed Unbound Palace Edition,220860,unknown,needs PS store search / manual
12099,nintendo-world-championships-nes-edition,Nintendo World Championships NES Edition,299862,nintendo,not on PS Store
2322,no-mans-sky-relics,No Man's Sky Relics,336874,unknown,needs PS store search / manual
2381,onimusha-tactics,Onimusha Tactics,6526,unknown,needs PS store search / manual
493,operation-serpens,Operation Serpens,138890,unknown,needs PS store search / manual
415,operation-wolf-returns-first-mission---rescue-edition,Operation Wolf Returns First Mission - Rescue Edition,270583,unknown,needs PS store search / manual
2490,outriders-worldslayer,Outriders Worldslayer,198294,unknown,needs PS store search / manual
5932,overcooked-plus-overcooked-2,Overcooked! + Overcooked! 2,135963,unknown,needs PS store search / manual
435,override-2-ultraman-deluxe,Override 2 Ultraman Deluxe,161784,unknown,needs PS store search / manual
2817,ovrdark-a-do-not-open-story,Ovrdark A Do Not Open Story,258122,unknown,needs PS store search / manual
457,pacific-drive-deluxe-edition,Pacific Drive Deluxe Edition,278208,edition_of_priced,base: Pacific Drive
18310,pac-man-mega-tunnel-battle,Pac-man Mega Tunnel Battle,140269,unknown,needs PS store search / manual
12337,paper-mario-the-origami-king,Paper Mario The Origami King,133923,nintendo,not on PS Store
2292,persona-3-reload,Persona 3 Reload,252647,unknown,needs PS store search / manual
3606,persona-3-reload-digital-deluxe-edition,Persona 3 Reload Digital Deluxe Edition,262642,unknown,needs PS store search / manual
5206,pga-tour-2k25,PGA Tour 2K25,328079,unknown,needs PS store search / manual
336,poppy-playtime-triple-pack,Poppy Playtime Triple Pack,314441,dlc_addon,add-on / pack / DLC
2789,predator-hunting-grounds-jotun-predator,Predator Hunting Grounds - Jotun Predator,387641,unknown,needs PS store search / manual
18690,rainbow-six-siege,Rainbow Six Siege,7360,unknown,needs PS store search / manual
2895,ratchet-and-clank,Ratchet & Clank,11065,unknown,needs PS store search / manual
5579,rayman-30-th-anniversary-edition,Rayman 30 Th Anniversary Edition,85578,unknown,needs PS store search / manual
5915,resident-evil--8,Resident Evil,380192,unknown,needs PS store search / manual
3625,resident-evil-3-nemesis--1,Resident Evil 3 Nemesis,347129,unknown,needs PS store search / manual
3629,resident-evil-4-gold-edition,Resident Evil 4 Gold Edition,284920,unknown,needs PS store search / manual
3632,resident-evil-7-biohazard---gold-edition-grotesque-version,Resident Evil 7 Biohazard - Gold Edition Grotesque Version,167065,unknown,needs PS store search / manual
12481,resident-evil-operation-raccoon-city,Resident Evil Operation Raccoon City,977,unknown,needs PS store search / manual
108,resident-evil-requiem-deluxe-edition,Resident Evil Requiem Deluxe Edition,375627,edition_of_priced,base: Resident Evil Requiem
9145,resident-evil-triple-pack,Resident Evil Triple Pack,99534,dlc_addon,add-on / pack / DLC
2496,resident-evil-village-gold-edition,Resident Evil Village Gold Edition,204722,edition_of_priced,base: Resident Evil Village
11659,rise-of-the-tomb-raider,Rise Of The Tomb Raider,7323,unknown,needs PS store search / manual
289,rollercoaster-tycoon-adventures-deluxe,Rollercoaster Tycoon Adventures Deluxe,86497,unknown,needs PS store search / manual
3806,roller-coaster-tycoon-adventures-deluxe,Roller Coaster Tycoon Adventures Deluxe,99460,unknown,needs PS store search / manual
2412,rugby--1,Rugby,77083,unknown,needs PS store search / manual
297,saints-row-criminal-customs-edition,Saints Row Criminal Customs Edition,186923,unknown,needs PS store search / manual
449,saints-row-notorious-edition,Saints Row Notorious Edition,168551,unknown,needs PS store search / manual
424,seeker-my-shadow,Seeker My Shadow,211541,unknown,needs PS store search / manual
437,sessions,Sessions,230629,unknown,needs PS store search / manual
367,shame-legacy-the-cult-edition,Shame Legacy The Cult Edition,246297,unknown,needs PS store search / manual
11628,sifu-vengeance-edition,Sifu Vengeance Edition,191494,unknown,needs PS store search / manual
3658,silent-hill-2-deluxe-edition,Silent Hill 2 Deluxe Edition,303813,unknown,needs PS store search / manual
18269,smite-2-founders-edition,Smite 2 Founder's Edition,331848,unknown,needs PS store search / manual
3842,smurftastic-collection,Smurftastic Collection,301211,unknown,needs PS store search / manual
11834,sniper-ghost-warrior,Sniper Ghost Warrior,1367,unknown,needs PS store search / manual
221,sniper-ghost-warrior-contracts-2-elite-edition,Sniper Ghost Warrior Contracts 2 Elite Edition,193537,unknown,needs PS store search / manual
12516,socom-ii-us-navy-seals,Socom II U.S. Navy Seals,8240,unknown,needs PS store search / manual
206,song-in-the-smoke-rekindled,Song In The Smoke Rekindled,243871,unknown,needs PS store search / manual
2440,sonic-origins-plus,Sonic Origins Plus,241444,unknown,needs PS store search / manual
11747,sonic-and-shadow--1,Sonic & Shadow,336350,unknown,needs PS store search / manual
3709,sons-of-the-forest,Sons Of The Forest,127346,unknown,needs PS store search / manual
11857,special-forces-ii,Special Forces II,41098,unknown,needs PS store search / manual
2299,spider-man-2,Spider-man 2,6285,unknown,needs PS store search / manual
3676,star-wars-battlefront-ultimate-edition,Star Wars Battlefront Ultimate Edition,53663,unknown,needs PS store search / manual
2406,star-wars-dark-forces-remastered,Star Wars Dark Forces Remastered,262973,unknown,needs PS store search / manual
12151,star-wars-outlaws-special-edition,Star Wars Outlaws Special Edition,299474,edition_of_priced,base: Star Wars Outlaws
3682,star-wars-tales-from-the-galaxys-edge,Star Wars Tales From The Galaxy's Edge,134957,unknown,needs PS store search / manual
3686,stellar-blade-complete-edition,Stellar Blade Complete Edition,346749,edition_of_priced,base: Stellar Blade
165,stray-cat,Stray Cat,220508,unknown,needs PS store search / manual
4029,street-fighter-6-deluxe-edition,Street Fighter 6 Deluxe Edition,228737,edition_of_priced,base: Street Fighter 6
2538,suicide-squad-kill-the-justice-league---deluxe-edition,Suicide Squad Kill The Justice League - Deluxe Edition,239147,edition_of_priced,base: Suicide Squad Kill The Justice League
11766,super-mario-odyssey-64,Super Mario Odyssey 64,132640,nintendo,not on PS Store
11819,super-mario-party-jamboree,Super Mario Party Jamboree,306148,nintendo,not on PS Store
3811,syberia-the-world-before---20-years-edition,Syberia The World Before - 20 Years Edition,204908,unknown,needs PS store search / manual
7755,system-shock-2-25-th-anniversary-remaster,System Shock 2 25 Th Anniversary Remaster,22,unknown,needs PS store search / manual
2843,tchia--1,Tchia,134324,unknown,needs PS store search / manual
4307,teenage-mutant-ninja-turtles-shredders-revenge,Teenage Mutant Ninja Turtles Shredder's Revenge,144465,edition_of_priced,base: Teenage Mutant Ninja Turtles Shredder's Revenge - Ultimate Edition
11839,teenage-mutant-ninja-turtles-shredders-revenge---anniversary-edition,Teenage Mutant Ninja Turtles Shredder's Revenge - Anniversary Edition,267599,edition_of_priced,base: Teenage Mutant Ninja Turtles Shredder's Revenge - Ultimate Edition
167,teenage-mutant-ninja-turtles-splintered-fate---deluxe-edition,Teenage Mutant Ninja Turtles Splintered Fate - Deluxe Edition,351134,edition_of_priced,base: Teenage Mutant Ninja Turtles Splintered Fate
3238,tekken-7-definitive-edition,Tekken 7 Definitive Edition,188048,edition_of_priced,base: Tekken 7
2969,tekken-8-advanced-edition,Tekken 8 Advanced Edition,338032,unknown,needs PS store search / manual
3698,tekken-8-deluxe-edition,Tekken 8 Deluxe Edition,262609,edition_of_priced,base: Tekken 8
343,tennis-on-court,Tennis On-court,253174,unknown,needs PS store search / manual
2562,tennis-world-tour-2-complete-edition,Tennis World Tour 2 Complete Edition,142817,edition_of_priced,base: Tennis World Tour 2
5141,terminator-2d-no-fate,Terminator 2 D No Fate,327500,unknown,needs PS store search / manual
392,terminator-resistance,Terminator Resistance,122611,unknown,needs PS store search / manual
190,the-crown-of-wu-legend-edition,The Crown Of Wu Legend Edition,234216,unknown,needs PS store search / manual
155,the-devil-haunts-me,The Devil Haunts Me,113225,unknown,needs PS store search / manual
177,the-elder-scrolls-iv-oblivion---game-of-the-year-edition,The Elder Scrolls IV Oblivion - Game Of The Year Edition,27845,unknown,needs PS store search / manual
1625,the-elder-scrolls-iv-oblivion-remastered,The Elder Scrolls IV Oblivion Remastered,267306,unknown,needs PS store search / manual
274,the-evil-dead,The Evil Dead,25832,unknown,needs PS store search / manual
4316,the-house-of-the-dead-remake,The House Of The Dead Remake,145787,unknown,needs PS store search / manual
130,the-inquisitor-deluxe-edition,The Inquisitor Deluxe Edition,279150,unknown,needs PS store search / manual
2377,the-last-of-us-complete-collector,The Last Of Us Complete Collector,1009,unknown,needs PS store search / manual
18723,the-last-of-us-part-ii-remastered,The Last Of Us Part II Remastered,277143,edition_of_priced,base: The Last Of Us Part II
498,the-last-worker,The Last Worker,173096,unknown,needs PS store search / manual
4000,the-light-brigade,The Light Brigade,224505,unknown,needs PS store search / manual
12808,the-lord-of-the-rings-the-battle-for-middle-earth-ii,The Lord Of The Rings The Battle For Middle-earth II,3155,unknown,needs PS store search / manual
11869,the-neighborhood,The Neighborhood,180592,unknown,needs PS store search / manual
375,the-nioh-collection,The Nioh Collection,140979,unknown,needs PS store search / manual
2561,the-persistence-enhanced,The Persistence Enhanced,37282,unknown,needs PS store search / manual
5993,the-quarry-deluxe-edition,The Quarry Deluxe Edition,197608,edition_of_priced,base: The Quarry
2848,the-tale-of-onogoro,The Tale Of Onogoro,196312,unknown,needs PS store search / manual
3719,the-walking-dead-saints-and-sinners,The Walking Dead Saints & Sinners,105416,unknown,needs PS store search / manual
2909,the-witcher-3-wild-hunt---complete-edition,The Witcher 3 Wild Hunt - Complete Edition,119402,edition_of_priced,base: The Witcher 3 Wild Hunt
2574,the-witcher-iv,The Witcher IV,194662,unknown,needs PS store search / manual
11878,tintin-reporter-cigars-of-the-pharaoh---limited-edition,Tintin Reporter Cigars Of The Pharaoh - Limited Edition,242368,unknown,needs PS store search / manual
2503,tiny-tinas-wonderlands-next-level-edition,Tiny Tina's Wonderlands Next Level Edition,170024,unknown,needs PS store search / manual
2407,tomb-raider-i-vi-remastered,Tomb Raider I-VI Remastered,331905,unknown,needs PS store search / manual
95,tomb-raider-iv.v.vi-remastered,Tomb Raider Iv.v.vi Remastered,912,unknown,needs PS store search / manual
12487,tom-clancy-s-ghost-recon-2,Tom Clancy's Ghost Recon 2,1298,unknown,needs PS store search / manual
3295,tom-clancy's-rainbow-six-siege-x-deluxe-edition,Tom Clancy's Rainbow Six Siege X Deluxe Edition,349484,unknown,needs PS store search / manual
12063,tom-clancys-rainbow-six-siege-x-elite-edition,Tom Clancy's Rainbow Six Siege X Elite Edition,349562,unknown,needs PS store search / manual
5276,topspin-2k25,Topspin 2K25,282959,unknown,needs PS store search / manual
309,tramsim-deluxe,Tramsim Deluxe,165382,unknown,needs PS store search / manual
18346,ufc-5-deluxe-edition,UFC 5 Deluxe Edition,273592,unknown,needs PS store search / manual
3100,uncharted-4-a-thief-s-end,Uncharted 4 A Thief's End,7331,unknown,needs PS store search / manual
2896,uncharted-ocean,Uncharted Ocean,126126,unknown,needs PS store search / manual
178,undead-citadel,Undead Citadel,115122,unknown,needs PS store search / manual
4015,under-the-waves,Under The Waves,214402,unknown,needs PS store search / manual
2809,vertigo-2,Vertigo 2,120529,unknown,needs PS store search / manual
156,wanderer-the-fragments-of-fate,Wanderer The Fragments Of Fate,253728,unknown,needs PS store search / manual
4338,"warhammer-40,000-space-marine-ii---gold-edition","Warhammer 40,000 Space Marine II - Gold Edition",289223,edition_of_priced,"base: Warhammer 40,000 Space Marine II"
398,warhammer-chaosbane---slayer-edition,Warhammer Chaosbane - Slayer Edition,139948,unknown,needs PS store search / manual
18559,way-out,Way Out,84080,unknown,needs PS store search / manual
347,weird-west-definitive-edition,Weird West Definitive Edition,250504,edition_of_priced,base: Weird West
160,wizardry-proving-grounds-of-the-mad-overlord--1,Wizardry Proving Grounds Of The Mad Overlord,267083,unknown,needs PS store search / manual
4342,worms-rumble-fully-loaded-edition,Worms Rumble Fully Loaded Edition,146164,unknown,needs PS store search / manual
6551,wwe-2k22,WWE 2K22,145780,unknown,needs PS store search / manual
6053,wwe-2k23,WWE 2K23,233028,unknown,needs PS store search / manual
6575,wwe-2k24,WWE 2K24,283600,unknown,needs PS store search / manual
5662,wwe-2k25,WWE 2K25,329690,unknown,needs PS store search / manual
5663,wwe-2k26,WWE 2K26,387782,unknown,needs PS store search / manual
2566,xiii-remake,XIII Remake,117509,unknown,needs PS store search / manual
2521,yuoni-sunset-edition,Yuoni Sunset Edition,171858,dlc_addon,add-on / pack / DLC
