game_name,concept_id,us_price,us_original_price,us_discount_pct,tr_price,tr_original_price,tr_discount_pct,extra_plus_included,deluxe_plus_included,essential_plus_included
Jojo’s Bizarre Adventure All-star Battle R,10001302,$9.99,$49.99,Save 80%,"349,80 TL","1.749,00 TL",%80 indirimden yararlanın,False,False,False
Avatar The Last Airbender - Quest For Balance,10003264,$49.99,,,"1.749,00 TL",,,False,False,False
Control Ultimate Edition,10017682,$59.99,,,"2.579,00 TL",,,False,False,False
Bleak Faith Forsaken,10010698,$34.99,,,"1.199,00 TL",,,False,False,False
Demon Slayer Kimetsu No Yaiba - The Hinokami Chronicles,10000991,$59.99,,,"3.449,00 TL",,,False,False,False
DC League Of Super-pets The Adventures Of Krypto And Ace,10003532,,,,,,,False,False,False
Brothers A Tale Of Two Sons Remake,200617,$19.99,,,"849,00 TL",,,False,False,False
Expeditions A Mudrunner Game,10008790,$79.99,,,"2.799,00 TL",,,False,False,False
Beyond Hanwell,10012767,$29.99,,,"1.299,00 TL",,,False,False,False
God Of War Sons Of Sparta,10012744,$19.79,$29.99,Save 34%,"857,34 TL","1.299,00 TL",%34 indirimden yararlanın,False,False,False
Jujutsu Kaisen Cursed Clash,10005862,$59.99,,,"2.099,00 TL",,,False,False,False
Fairy Tail 2,10011532,$29.99,$59.99,Save 50%,"1.249,50 TL","2.499,00 TL",%50 indirimden yararlanın,False,False,False
Achilles Legends Untold,10004880,$24.99,,,"769,00 TL",,,False,False,False
Among Us 3 D VR,10005565,$9.99,,,"349,00 TL",,,False,False,False
Brotato,10007282,$4.99,,,"175,00 TL",,,False,False,False
Conscript Deluxe,10010232,,,,"1.419,00 TL",,,False,False,False
Deliver Us The Moon,234692,$24.99,,,"1.079,00 TL",,,True,False,False
Eternal Strands,10010810,$29.99,,,"1.299,00 TL",,,False,False,False
Do Not Open,10001819,$24.99,,,"1.079,00 TL",,,False,False,False
Greak Memories Of Azur,10002329,$19.99,,,"699,00 TL",,,False,False,False
1348 Ex Voto,10011637,$24.99,,,,,,False,False,False
Demon Slayer Kimetsu No Yaiba - Sweep The Board!,10008801,$59.99,,,"1.749,00 TL",,,False,False,False
Brok The Investigator,10006418,$7.99,$19.99,Save 60%,"699,00 TL",,,False,False,False
Hypercharge Unboxed,10003895,$29.99,,,"1.049,00 TL",,,False,False,False
Agatha Christie Death On The Nile,10013650,$19.99,$39.99,Save 50%,"874,50 TL","1.749,00 TL",%50 indirimden yararlanın,False,False,False
Alone In The Dark Standard,10005283,$39.99,,,"1.399,00 TL",,,False,False,False
Horizon Call Of The Mountain,10004029,$59.99,,,"2.999,00 TL",,,False,False,False
F1 Manager 2023,10008015,msgid_not_available_purchase,,,,,,False,False,False
Daymare 1994 Sandcastle,10005421,$34.99,,,"1.499,00 TL",,,False,False,False
Fort Solis,10007627,$29.99,,,"1.049,00 TL",,,False,False,False
Arcadegeddon,10002495,Free,,,Ücretsiz,,,False,False,False
Beast Of Reincarnation,10014719,$59.99,,,"2.349,00 TL",,,False,False,False
Ace Combat 8 Wings Of Theve,10011942,$69.99,,,"3.449,00 TL",,,False,False,False
In Nightmare,10002650,$19.99,,,"699,00 TL",,,False,False,False
Immortals Of Aveum,10005317,$6.99,$69.99,Save 90%,"290,00 TL","2.900,00 TL",%90 indirimden yararlanın,False,False,False
Destruction Allstars,10000178,,,,,,,False,False,False
EA Sports WRC Standard,10004258,$49.99,,,"1.799,99 TL",,,False,False,False
Code Violet,10012908,$49.99,,,"2.149,00 TL",,,False,False,False
Black Myth Wukong Deluxe Edition,10007144,$59.99,,,"2.499,00 TL",,,False,False,False
Hell Is Us,10005051,$59.99,,,"2.579,00 TL",,,False,False,False
Flint Treasure Of Oblivion,10007641,$11.99,$39.99,Save 70%,"419,70 TL","1.399,00 TL",%70 indirimden yararlanın,False,False,False
Inspector Gadget Mad Time Party,10007946,$39.99,,,"1.399,00 TL",,,False,False,False
Banishers Ghosts Of New Eden,10006098,$59.99,,,"2.299,00 TL",,,True,False,False
Days Gone Remastered,229018,$19.99,$49.99,Save 60%,"859,60 TL","2.149,00 TL",%60 indirimden yararlanın,False,False,False
Avowed,10012632,$29.99,$49.99,Save 40%,"1.259,40 TL","2.099,00 TL",%40 indirimden yararlanın,False,False,False
Frostpunk 2,10008442,$44.99,,,"1.949,00 TL",,,False,False,False
Gears Of War Reloaded Standard,10008829,$39.99,,,"1.599,00 TL",,,False,False,False
Dune Awakening,10001899,$49.99,,,"2.149,00 TL",,,False,False,False
Fable,10015869,$69.99,,,"2.999,00 TL",,,False,False,False
Borderlands 4,10000819,$69.99,,,"2.900,00 TL",,,False,False,False
Bus Simulator 27,10008396,$34.99,,,"1.499,00 TL",,,False,False,False
Bleach Rebirth Of Souls,10001710,$29.99,$59.99,Save 50%,"1.249,50 TL","2.499,00 TL",%50 indirimden yararlanın,False,False,False
Highway Police Simulator,10010265,$29.99,,,"1.299,00 TL",,,False,False,False
Backrooms Escape Together,10015041,$19.99,,,"649,00 TL",,,False,False,False
Concord,10002695,,,,,,,False,False,False
Code Vein II,10011448,$69.99,,,"2.999,00 TL",,,False,False,False
Chicken Run Eggstraction,10014769,$39.99,,,"1.749,00 TL",,,False,False,False
Final Fantasy Resonance,10015961,$49.99,,,"2.579,00 TL",,,False,False,False
Final Fantasy X/X-2 HD Remastered Standard Nintendo Switch,201588,$24.99,,,"1.049,00 TL",,,False,False,False
Human Fall Flat,227139,$19.99,,,"699,00 TL",,,True,False,False
Dark Souls II Scholar Of The First Sin,226237,$39.99,,,"1.299,00 TL",,,False,False,False
Atomic Heart,10006316,$109.99,,,"4.749,00 TL",,,False,False,False
Borderlands 3 Ultimate Edition,227478,$59.99,,,"459,00 TL",,,False,False,False
Company Of Heroes 3,10002606,$59.99,,,"2.799,00 TL",,,False,False,False
Hell Let Loose Deluxe,10001996,$49.99,,,"1.949,00 TL",,,False,False,False
Collector Assassins Creed Shadows Collectors Edition,10009909,$69.99,,,"2.799,00 TL",,,False,False,False
Ark Survival Evolved,224802,$14.99,,,"649,00 TL",,,False,False,False
Dragon Ball Xenoverse 2,217012,$19.99,,,"699,00 TL",,,False,False,False
Fallout 4 Goty + Skyrim Special Edition,201511,$19.99,,,"699,00 TL",,,True,False,False
A Plague Tale Innocence Standard,231037,$39.99,,,"1.399,00 TL",,,False,False,False
A Plague Tale Requiem Standard,10002255,$59.99,,,"2.799,00 TL",,,False,False,False
Hades II,10018449,$29.99,,,"1.299,00 TL",,,False,False,False
Gotham Knights Standard,233383,$69.99,,,"3.149,00 TL",,,False,False,False
Chivalry 2,234762,$7.99,$39.99,Save 80%,"279,80 TL","1.399,00 TL",%80 indirimden yararlanın,True,False,False
Armored Core VI Fires Of Rubicon,10001815,$59.99,,,"2.999,00 TL",,,False,False,False
Call Of Duty Black Ops Cold War,233407,$69.99,,,"2.519,99 TL",,,False,False,False
Doom Eternal Standard Edition,232624,$9.89,$29.99,Save 67%,"346,17 TL","1.049,00 TL",%67 indirimden yararlanın,True,False,False
Assassin’s Creed Origins Gold Edition,222066,$59.99,,,"3.149,00 TL",,,True,False,False
Five Nights At Freddy's Security Breach Standard,10001137,$5.99,$39.99,Save 85%,"559,60 TL","1.399,00 TL",%60 indirimden yararlanın,False,False,False
Blood Bowl III,10000371,$39.99,,,"1.749,00 TL",,,False,False,False
Call Of Duty Wwii Gold Edition,227115,$14.99,$59.99,Save 75%,"63,50 TL","254,00 TL",%75 indirimden yararlanın,False,False,False
Blair Witch,235083,$29.99,,,"1.299,00 TL",,,False,False,False
Greedfall The Dying World,10010517,$41.99,$59.99,Save 30%,"1.805,30 TL","2.579,00 TL",%30 indirimden yararlanın,False,False,False
Anno 117 Pax Romana,10011009,$59.99,,,"2.099,00 TL",,,False,False,False
Devil May Cry HD Collection,232009,$29.99,,,"1.049,00 TL",,,False,False,False
Hello Neighbor,231096,$29.99,,,"1.299,00 TL",,,True,False,False
Crisis Core Final Fantasy VII Reunion Standard,10004142,$49.99,,,"2.099,00 TL",,,False,False,False
Hi-fi Rush,10008685,$29.99,,,"507,83 TL",,,False,False,False
Double Dragon Revive,10010965,$34.99,,,"1.499,00 TL",,,False,False,False
Dead Island 2,201061,$7.49,$49.99,Save 85%,"1.749,00 TL",,,True,False,False
Fatal Fury City Of The Wolves,10009499,$19.99,,,"849,00 TL",,,False,False,False
Gord,10006626,$34.99,,,"1.199,00 TL",,,False,False,False
EA Sports FC 25 Ultimate,10009762,,,,,,,False,False,False
Darksiders II Deathinitive Edition,231670,$29.99,,,"1.049,00 TL",,,False,False,False
Hellblade Senua's Sacrifice,10013503,$20.99,$29.99,Save 30%,"629,30 TL","899,00 TL",%30 indirimden yararlanın,False,False,False
Ghostwire Tokyo,10000301,$14.99,$59.99,Save 75%,"152,25 TL","609,00 TL",%75 indirimden yararlanın,False,False,False
Forspoken,10000846,$69.99,,,"2.499,00 TL",,,False,False,False
Epic Mickey Rebrushed,10008074,$39.99,,,"1.499,00 TL",,,False,False,False
Ghostrunner,10001291,$7.49,$29.99,Save 75%,"262,25 TL","1.049,00 TL",%75 indirimden yararlanın,False,False,False
Bee Simulator The Hive,10013420,$24.99,,,"1.079,00 TL",,,False,False,False
F1 Manager 2022,10004281,,,,,,,False,False,False
Hollow Knight Silksong,10005908,$19.99,,,"849,00 TL",,,False,False,False
Evil Dead The Game,10002761,,,,,,,False,False,False
Dora Rainforest Rescue,10012806,$39.99,,,"1.749,00 TL",,,False,False,False
Assassin's Creed IV Black Flag,200089,$29.99,,,"699,00 TL",,,True,False,False
Jumanji The Video Game,233283,$29.99,,,"1.049,00 TL",,,False,False,False
Battle Of Rebels,10008389,$10.49,$34.99,Save 70%,"359,70 TL","1.199,00 TL",%70 indirimden yararlanın,False,False,False
Desolatium,10008382,$29.99,,,"1.049,00 TL",,,False,False,False
Airoheart,10004526,$19.99,,,"699,00 TL",,,False,False,False
Chronicles Of 2 Heroes Amaterasu's Wrath,10008011,$24.99,,,"1.079,00 TL",,,False,False,False
Call Of Duty Black Ops,10017657,$39.99,,,"1.600,00 TL",,,False,False,False
Horror Tales The Wine,10002840,$14.99,,,"649,00 TL",,,False,False,False
Ace Combat 7 Skies Unknown,221661,$9.59,$59.99,Save 84%,"349,86 TL","2.499,00 TL",%86 indirimden yararlanın,False,False,False
Cygni All Guns Blazing,10004231,$29.99,,,"1.049,00 TL",,,False,False,False
Air Twister,10008088,$24.99,,,"879,00 TL",,,False,False,False
Asterix & Obelix XXL3 The Crystal Menhir Standard,234766,$19.99,,,"699,00 TL",,,False,False,False
Forza Horizon 5 Premium Edition,10010647,$29.99,$59.99,Save 50%,"770,50 TL","1.541,00 TL",%50 indirimden yararlanın,False,False,False
Evil Genius 2 World Domination,10003128,$39.99,,,"1.399,00 TL",,,False,False,False
Biomutant Standard,229899,$39.99,,,"1.399,00 TL",,,False,False,False
Jubilee,10009059,$9.99,,,"349,00 TL",,,False,False,False
Grand Theft Auto VI Ultimate Edition,10000730,$99.99,,,"4.999,00 TL",,,False,False,False
Judgment,232859,$39.99,,,"1.399,00 TL",,,False,False,False
Autobahn Police Simulator 3 Standard,10003777,$17.99,$29.99,Save 40%,"779,40 TL","1.299,00 TL",%40 indirimden yararlanın,False,False,False
Indika,10008296,$24.99,,,"875,00 TL",,,True,False,False
Captain Tsubasa II World Fighters,10010870,$59.99,,,"2.999,00 TL",,,False,False,False
Cris Tales,10001088,$39.99,,,"1.399,00 TL",,,False,False,False
Blades Of Fire,10011854,$29.99,$39.99,Save 25%,"1.311,75 TL","1.749,00 TL",%25 indirimden yararlanın,True,False,False
EA Sports UFC 6,10011247,$69.99,,,"3.999,00 TL",,,False,False,False
A-red Walking Robot,10012585,$19.99,,,"849,00 TL",,,False,False,False
Hello Neighbor Search And Rescue,10006454,$29.99,,,"1.049,00 TL",,,False,False,False
Disciples Domination Deluxe Edition,10012987,$49.99,,,"2.149,00 TL",,,False,False,False
Bloodborne,200520,$19.99,,,"849,00 TL",,,True,False,False
Dark Souls III Complete Edition PS4,201190,$59.99,,,"3.249,00 TL",,,False,False,False
Cyberpunk 2077 Ultimate Edition,234567,$49.99,,,"2.799,00 TL",,,True,False,False
Flintlock The Siege Of Dawn,10004425,$39.99,,,"999,00 TL",,,True,False,False
Farm For Your Life,10002273,$19.99,,,"849,00 TL",,,False,False,False
Bunny Rampage History Of Revenge,10010762,$19.99,,,"849,00 TL",,,False,False,False
Clair Obscur Expedition 33,10008503,$49.99,,,"1.749,00 TL",,,False,False,False
Football Manager 2023,10004729,,,,,,,False,False,False
Archetype Arcadia,10003186,$29.99,,,"1.049,00 TL",,,False,False,False
Back 4 Blood,233064,$59.99,,,"2.499,00 TL",,,True,False,False
Helldivers 2,10000657,$39.99,,,"1.399,00 TL",,,False,False,False
Atari Mania,10006959,$24.99,,,"875,00 TL",,,False,False,False
Bully,200477,$14.99,,,"525,00 TL",,,False,False,False
Five Nights At Freddy's Secret Of The Mimic,10012344,$15.99,$39.99,Save 60%,"874,50 TL","1.749,00 TL",%50 indirimden yararlanın,False,False,False
Asterix & Obelix XXL Romastered,10000621,$19.99,,,"699,00 TL",,,False,False,False
Dreamworks All-star Kart Racing Standard,10008016,$39.99,,,"1.749,00 TL",,,False,False,False
Hunter X Hunter Nen X Impact,10007325,$59.99,,,"2.579,00 TL",,,False,False,False
Farming Simulator 25,10009612,$39.99,,,"1.299,00 TL",,,True,False,False
Cronos The New Dawn Standard,10011556,$59.99,,,"2.579,00 TL",,,False,False,False
Crimson Desert,10002363,$69.99,,,"2.999,00 TL",,,False,False,False
Ereban Shadow Legacy,10016907,$19.99,,,"849,00 TL",,,False,False,False
Ice Age Scrat's Nutty Adventure,231098,$29.99,,,"1.049,00 TL",,,True,False,False
Far Cry 3 Classic Edition PS4,231486,$29.99,,,"1.399,00 TL",,,True,False,False
Dragon Ball Z Kakarot Standard,233235,$14.99,$19.99,Save 25%,"636,75 TL","849,00 TL",%25 indirimden yararlanın,False,False,False
Far Cry 6 Gold Edition,233961,$59.99,,,"2.299,00 TL",,,True,False,False
Crash Team Racing Nitro-fueled,233410,$13.99,$39.99,Save 65%,"822,15 TL","2.349,00 TL",%65 indirimden yararlanın,False,False,False
A Quiet Place The Road Ahead,10009366,$29.99,,,"1.049,00 TL",,,True,False,False
Dead Rising Deluxe Edition,225577,$9.99,,,,,,False,False,False
Dying Light The Beast,10011468,$59.99,,,"2.799,00 TL",,,False,False,False
Jurassic Park Classic Games Collection,10008710,,,,,,,False,False,False
Horizon Forbidden West Complete Edition,10000886,$49.99,,,"2.099,00 TL",,,False,False,False
Call Of Duty Black Ops 4,232300,$14.99,$59.99,Save 75%,"117,25 TL","469,00 TL",%75 indirimden yararlanın,False,False,False
Gran Turismo 7,10000956,$69.99,,,"1.999,00 TL",,,False,False,False
Ghost Of Yotei Standard,10003923,$49.69,$69.99,Save 29%,"2.586,75 TL","3.449,00 TL",%25 indirimden yararlanın,False,False,False
Death Stranding Director's Cut,234585,$59.99,,,"2.099,00 TL",,,False,False,False
Hood Story Kaito Yamazaki,10009321,$19.99,,,"849,00 TL",,,False,False,False
Battlefield Hardline Ultimate Edition,200450,,,,,,,False,False,False
Assassin’s Creed Odyssey Ultimate Edition,229601,$59.99,,,"599,00 TL",,,True,False,False
Escape Backrooms Horror,10011284,$9.99,,,"429,00 TL",,,False,False,False
EA Sports UFC 5,10002788,$69.99,,,"2.900,00 TL",,,False,False,False
Devil May Cry 5 Special Edition,227315,$9.99,$39.99,Save 75%,"349,75 TL","1.399,00 TL",%75 indirimden yararlanın,False,False,False
007 First Light,10006560,$69.99,,,"2.999,00 TL",,,False,False,False
Diablo IV,231761,$49.99,,,"1.799,99 TL",,,False,False,False
Quidditch Champions Deluxe,10004151,$29.99,,,"1.049,00 TL",,,False,False,False
Hogwarts Legacy Standard Nintendo Switch 2,232447,$69.99,,,"3.149,00 TL",,,True,False,False
Horizon Zero Dawn Remastered,221727,$20.99,$49.99,Save 58%,"1.074,50 TL","2.149,00 TL",%50 indirimden yararlanın,True,False,False
Demon's Souls,10000368,$69.99,,,"619,00 TL",,,True,False,False
Battlefield 6,10009568,$69.99,,,"2.900,00 TL",,,False,False,False
Assassin’s Creed Syndicate Gold Edition,212339,$29.99,,,"1.749,00 TL",,,True,False,False
Assassin's Creed Black Flag Resynced Standard,10013987,$59.99,,,"2.579,00 TL",,,False,False,False
Baldur's Gate III,10007460,$48.99,$69.99,Save 30%,"1.749,30 TL","2.499,00 TL",%30 indirimden yararlanın,False,False,False
Battlefield 1,221824,$19.99,,,"999,00 TL",,,False,False,False
Aliens Fireteam Elite,10002794,,,,"262,25 TL","1.049,00 TL",%75 indirimden yararlanın,False,False,False
Assassin's Creed The Ezio Collection,225519,$39.99,,,"1.749,00 TL",,,True,False,False
Farming Simulator 22,10001771,$39.99,,,"1.049,00 TL",,,False,False,False
Far Cry 5,221692,$59.99,,,"2.299,00 TL",,,True,False,False
Call Of Duty Vanguard – Cross-gen Bundle,10001234,$69.99,,,"599,00 TL",,,False,False,False
Battlefield 4,200449,$19.99,,,"999,00 TL",,,False,False,False
Doom + Doom II,10010353,$3.99,$9.99,Save 60%,"139,60 TL","349,00 TL",%60 indirimden yararlanın,False,False,False
Borderlands Game Of The Year Edition PS4,231364,$29.99,,,"141,36 TL",,,False,False,False
Anno 1800 Console Edition,10003143,$39.99,,,"1.599,00 TL",,,True,False,False
Days Of Doom Standard,10007933,$29.99,,,"1.299,00 TL",,,False,False,False
Final Fantasy Tactics The Ivalice Chronicles,10008527,$29.99,$49.99,Save 40%,"1.547,40 TL","2.579,00 TL",%40 indirimden yararlanın,False,False,False
Akka Arrh ویژه,10006101,$19.99,,,"849,00 TL",,,False,False,False
Dying Light 2 Stay Human Standard,232374,$59.99,,,"2.099,00 TL",,,False,False,False
Barbie Project Friendship Standard,10008807,$13.99,$39.99,Save 65%,"489,65 TL","1.399,00 TL",%65 indirimden yararlanın,False,False,False
Among Us,10002811,$4.99,,,"139,00 TL",,,False,False,False
Call Of Duty Modern Warfare III,10011645,$69.99,,,"2.519,99 TL",,,False,False,False
Dragon Ball Sparking! Zero,10007902,$49.99,,,"2.149,00 TL",,,False,False,False
Alex Kidd In Miracle World DX,10000812,$19.99,,,"849,00 TL",,,False,False,False
Invincible Vs.,10015370,$49.99,,,"2.149,00 TL",,,False,False,False
Final Fantasy VII Rebirth,10003999,$19.99,$49.99,Save 60%,"1.031,60 TL","2.579,00 TL",%60 indirimden yararlanın,False,False,False
Bratz Rhythm & Style,10010247,$15.99,$39.99,Save 60%,"559,60 TL","1.399,00 TL",%60 indirimden yararlanın,False,False,False
God Of War Ragnarök,10001850,$69.99,,,"2.799,00 TL",,,True,False,False
Bendy Lone Wolf,10014263,$19.99,,,"849,00 TL",,,False,False,False
Cobra Kai 2 Dojos Rising,10003445,$49.99,,,"2.149,00 TL",,,False,False,False
Halo Campaign Evolved,10013884,$49.99,,,"2.499,00 TL",,,False,False,False
Dispatch,10013259,$29.99,,,"1.499,00 TL",,,False,False,False
Hot Wheels Unleashed 2 Turbocharged,10005765,$7.49,$49.99,Save 85%,"262,35 TL","1.749,00 TL",%85 indirimden yararlanın,False,False,False
Balatro,10010334,$14.99,,,"529,00 TL",,,False,False,False
Grid Legends,10003002,$11.99,$59.99,Save 80%,"140,00 TL","700,00 TL",%80 indirimden yararlanın,False,False,False
Hot Wheels Monster Trucks Stunt Mayhem Standard,10009076,$39.99,,,"1.399,00 TL",,,False,False,False
Alaskan Road Truckers Highway Edition,10008444,$28.99,,,"945,00 TL",,,False,False,False
Final Fantasy XVI Deluxe Edition,10002100,$49.99,,,"2.099,00 TL",,,True,False,False
Aliens Dark Descent,10005351,$39.99,,,"2.499,00 TL",,,False,False,False
Atlas Fallen,10002689,$49.99,,,"1.249,00 TL",,,True,False,False
Football Manager 2024,10008128,,,,,,,False,False,False
John Carpenter's Toxic Commando,10004956,$39.99,,,"1.749,00 TL",,,False,False,False
Arcade Game Series Pac-man,206125,$3.99,,,"139,00 TL",,,False,False,False
Ghostrunner II,10005977,$39.99,,,"1.399,00 TL",,,False,False,False
Baby Shark Sing & Swim Party,10005730,$39.99,,,"1.399,00 TL",,,False,False,False
Aphelion,10007223,$34.99,,,"1.499,00 TL",,,False,False,False
Elden Ring Nightreign Collector,10010877,$39.99,,,"1.749,00 TL",,,False,False,False
Directive 8020 Deluxe Edition,10008357,$49.99,,,"2.149,00 TL",,,False,False,False
Atomfall,10007896,$23.99,$59.99,Save 60%,"1.049,50 TL","2.099,00 TL",%50 indirimden yararlanın,False,False,False
Gylt,10007169,$19.99,,,"849,00 TL",,,False,False,False
Fifa 23,10004336,,,,,,,False,False,False
Final Fantasy VII Remake,221537,$6.39,$15.99,Save 60%,"223,60 TL","559,00 TL",%60 indirimden yararlanın,False,False,False
Call Of Duty Modern Warfare Remastered,229182,$59.99,,,"2.159,99 TL",,,False,False,False
Jagged Alliance 3,10005890,$59.99,,,"2.099,00 TL",,,False,False,False
Demon Slayer Kimetsu No Yaiba - The Hinokami Chronicles 2,10008540,$29.99,$59.99,Save 50%,"1.289,50 TL","2.579,00 TL",%50 indirimden yararlanın,False,False,False
It Takes Two,234689,$39.99,,,"1.499,99 TL",,,False,False,False
Deliver Us Mars,10003378,$29.99,,,"285,01 TL",,,False,False,False
Ikai,10004529,$14.99,,,"571,00 TL",,,False,False,False
Dolphin Spirit Ocean Mission,10007311,$29.99,,,"1.049,00 TL",,,False,False,False
God Of War,227770,$19.99,,,"849,00 TL",,,True,False,False
Choo-choo Charles,10008639,$19.99,,,"849,00 TL",,,False,False,False
AEW Fight Forever,10005440,$39.99,,,"1.399,00 TL",,,False,False,False
Hunt Showdown 1896,234014,$29.99,,,"1.049,00 TL",,,False,False,False
Brokenlore Unfollow,10008188,$19.99,,,"636,75 TL","849,00 TL",%25 indirimden yararlanın,False,False,False
Classified France '44,10007316,$34.99,,,"1.099,00 TL",,,False,False,False
Crash Bandicoot 4 It's About Time,10000264,$59.99,,,"2.299,00 TL",,,False,False,False
Creed Rise To Glory,232473,,,,,,,False,False,False
Crash Team Rumble Deluxe Edition,10003516,$29.99,,,"710,84 TL",,,False,False,False
Grounded,10008048,$39.99,,,"1.399,00 TL",,,False,False,False
Eternights,10004814,$29.99,,,"1.049,00 TL",,,False,False,False
Balan Wonderworld,10000633,$39.99,,,"1.399,00 TL",,,False,False,False
Dragon Age The Veilguard Standard,10000586,$69.99,,,"2.900,00 TL",,,False,False,False
Deathloop,10000185,$11.99,$59.99,Save 80%,"499,80 TL","2.499,00 TL",%80 indirimden yararlanın,False,False,False
Ad Infinitum,10004716,$29.99,,,"1.049,00 TL",,,False,False,False
Greedfall Gold Edition,233031,$34.99,,,"1.199,00 TL",,,False,False,False
Five Nights At Freddy's Into The Pit Standard Nintendo Switch,10009158,$19.99,,,"849,00 TL",,,False,False,False
Alien Rogue Incursion,10004478,$39.99,,,"1.399,00 TL",,,False,False,False
Atelier Yumia The Alchemist Of Memories & The Envisioned Land,10012240,$69.99,,,"2.499,00 TL",,,False,False,False
Captain Tsubasa Rise Of New Champions,233219,$39.99,,,"1.399,00 TL",,,True,False,False
Goat Simulator 3,10003123,$29.99,,,"1.049,00 TL",,,False,False,False
Funko Fusion,10009469,$34.99,,,"1.199,00 TL",,,False,False,False
Bye Sweet Carole,10008528,$24.99,,,"1.079,00 TL",,,False,False,False
Battlefield 2042,10000758,$69.99,,,"3.999,00 TL",,,False,False,False
Infliction Extended Cut,234058,$3.99,$19.99,Save 80%,"154,80 TL","774,00 TL",%80 indirimden yararlanın,False,False,False
34 Sports Games World Edition,10010460,$29.99,,,"1.299,00 TL",,,False,False,False
Asterigos Curse Of The Stars,10005233,$34.99,,,"1.229,00 TL",,,False,False,False
Disgaea 7 Vows Of The Virtueless,10004787,$59.99,,,"2.099,00 TL",,,False,False,False
Fifa 22,10002538,,,,,,,False,False,False
Backbeat,10005812,$19.99,,,,,,False,False,False
Blacksad Under The Skin,232562,$19.99,,,"879,00 TL",,,False,False,False
Five Nights At Freddy's Help Wanted 2 Standard,10009325,$15.99,$39.99,Save 60%,"629,55 TL","1.399,00 TL",%55 indirimden yararlanın,True,False,False
Crusader Kings III,10001858,$49.99,,,"1.749,00 TL",,,True,False,False
Street Fighter 6 Standard,10001615,$39.99,,,"1.749,00 TL",,,False,False,False
Hell Let Loose Vietnam,10014425,$39.99,,,"1.949,00 TL",,,False,False,False
Ark Survival Ascended,10008286,$44.99,,,"1.599,00 TL",,,False,False,False
Cuphead,10001369,$19.99,,,"499,00 TL",,,False,False,False
ARC Raiders,10003610,$39.99,,,"2.090,00 TL",,,False,False,False
Call Of Duty Modern Warfare II,10001130,$69.99,,,"3.199,00 TL",,,False,False,False
Granblue Fantasy Relink,229066,$39.99,,,"1.749,00 TL",,,True,False,False
Call Of Duty Modern Warfare 2 Campaign Remastered,229433,$19.99,,,"172,88 TL",,,False,False,False
EA Sports FC 26 Ultimate,10011898,$69.99,,,"2.899,99 TL",,,False,False,False
Case Solved The London Files,10019387,$13.99,,,"774,00 TL",,,False,False,False
Hello Kitty Island Adventure,10008904,$39.99,,,"1.749,00 TL",,,False,False,False
Barbie Horse Trails Standard,10011309,$39.99,,,"1.749,00 TL",,,False,False,False
Dragon's Dogma II Standard,10005844,$39.99,,,"1.749,00 TL",,,False,False,False
Elden Ring Launch Edition,10000333,$59.99,,,"1.499,00 TL",,,False,False,False
Detroit Become Human,222727,$19.99,,,"1.749,00 TL",,,True,False,False
Cat Quest III,10007859,$19.99,,,"699,00 TL",,,True,False,False
Ghostbusters Spirits Unleashed,10002507,$19.99,,,"699,00 TL",,,False,False,False
Destroy All Humans! 2 Reprobed,10003868,$39.99,,,"1.199,00 TL",,,False,False,False
Bus Bound Deluxe,10010756,$29.99,,,"1.299,00 TL",,,False,False,False
High On Life 2,10012995,$59.99,,,"2.579,00 TL",,,False,False,False
Hollowbody,10015028,$14.44,$16.99,Save 15%,"583,95 TL","687,00 TL",%15 indirimden yararlanın,False,False,False
Goat Simulator Remastered,201723,$9.99,,,"349,00 TL",,,False,False,False
Hello Neighbor 2 Standard Nintendo Switch,10003558,$39.99,,,"1.399,00 TL",,,False,False,False
Cult Of The Lamb,10004484,$24.99,,,"875,00 TL",,,False,False,False
Hellboy Web Of Wyrd,10006524,$11.24,$24.99,Save 55%,"485,55 TL","1.079,00 TL",%55 indirimden yararlanın,False,False,False
Blasphemous II,10007264,$29.99,,,"1.049,00 TL",,,True,False,False
Cars 3 Driven To Win,228418,,,,,,,False,False,False
Fall Guys Ultimate Knockout,235079,,,,,,,False,False,False
Concept Destruction,10000281,$4.99,,,"215,00 TL",,,False,False,False
Agatha Christie Hercule Poirot The London Case Standard,10007246,$39.99,,,"1.399,00 TL",,,False,False,False
Dynasty Warriors Origins,10008191,$48.99,$69.99,Save 30%,"1.959,30 TL","2.799,00 TL",%30 indirimden yararlanın,False,False,False
Forklift Simulator,10010507,$13.39,$19.99,Save 33%,"568,83 TL","849,00 TL",%33 indirimden yararlanın,False,False,False
Evil West,10001902,$11.99,$59.99,Save 80%,"559,80 TL","2.799,00 TL",%80 indirimden yararlanın,False,False,False
Humankind,10004309,$49.99,,,"2.149,00 TL",,,True,False,False
Gang Beasts,216234,$7.99,$19.99,Save 60%,"279,60 TL","699,00 TL",%60 indirimden yararlanın,False,False,False
Deliver At All Costs,10012329,$29.99,,,"1.049,00 TL",,,False,False,False
Bulletstorm VR,10008677,$29.99,,,"1.299,00 TL",,,False,False,False
Daemon X Machina Titanic Scion,10011097,$69.99,,,"2.999,00 TL",,,False,False,False
Evil Nun The Broken Mask,10008702,$19.99,,,"699,00 TL",,,False,False,False
Amerzone The Explorer's Legacy,10008226,$15.99,$39.99,Save 60%,"559,60 TL","1.399,00 TL",%60 indirimden yararlanın,False,False,False
EA Sports FC 24 Ultimate Edition,10007176,,,,,,,False,False,False
Evil Inside,10002054,$12.99,,,"549,00 TL",,,False,False,False
Afterimage,10007477,$24.99,,,"879,00 TL",,,False,False,False
Crash Bandicoot N. Sane Trilogy,227649,$15.99,$39.99,Save 60%,"699,60 TL","1.749,00 TL",%60 indirimden yararlanın,False,False,False
7 Days To Die,216130,,,,,,,False,False,False
Adam Wolfe,10009545,$14.99,$19.99,Save 25%,"636,75 TL","849,00 TL",%25 indirimden yararlanın,False,False,False
Death Stranding 2 On The Beach,10001538,$69.99,,,"3.449,00 TL",,,False,False,False
Dark Light,10007200,$17.99,,,"849,00 TL",,,False,False,False
Coastline Flight Simulator Standard,10003241,$29.99,,,"1.049,00 TL",,,False,False,False
Blazing Strike,10005382,$39.99,,,"1.749,00 TL",,,False,False,False
Empire Of The Ants,10007652,$13.99,$39.99,Save 65%,"489,65 TL","1.399,00 TL",%65 indirimden yararlanın,False,False,False
Contra Operation Galuga,10007962,$39.99,,,"1.399,00 TL",,,False,False,False
Bibi & Tina At The Horse Farm,10002005,$29.99,,,"1.299,00 TL",,,False,False,False
Bluey The Videogame,10006070,$29.99,,,"1.299,00 TL",,,True,False,False
Hollow Knight Voidheart Edition,232654,$14.99,,,"623,00 TL",,,True,False,False
Dead Space Remake,10002958,$69.99,,,"2.900,00 TL",,,False,False,False
Avatar Frontiers Of Pandora,235179,$29.99,,,"1.049,00 TL",,,True,False,False
Arizona Sunshine 2 Deluxe Edition,10008622,$14.79,$39.99,Save 63%,"517,63 TL","1.399,00 TL",%63 indirimden yararlanın,False,False,False
Dirt 5,234401,$59.99,,,"2.499,00 TL",,,False,False,False
Eriksholm The Stolen Dream,10009571,$39.99,,,"1.749,00 TL",,,False,False,False
Hitman 3 Deluxe Edition,10000248,$69.99,,,"2.999,00 TL",,,False,False,False
Enotria The Last Song,10008826,$39.99,,,"1.499,00 TL",,,True,False,False
Indiana Jones And The Great Circle,10012238,$41.99,$69.99,Save 40%,"1.379,40 TL","2.299,00 TL",%40 indirimden yararlanın,False,False,False
Commandos Origins Deluxe,10007746,$59.99,,,"2.579,00 TL",,,False,False,False
AI Limit,10006488,$34.99,,,"1.229,00 TL",,,False,False,False
#DRIVE Rally,10015922,$19.99,,,"849,00 TL",,,False,False,False
Immortals Fenyx Rising,234423,$59.99,,,"1.749,00 TL",,,True,False,False
Beholder 3,10006017,$5.99,$19.99,Save 70%,"849,00 TL",,,False,False,False
Green Hell VR,10004102,$7.99,$19.99,Save 60%,"279,60 TL","699,00 TL",%60 indirimden yararlanın,False,False,False
Battlefield V Definitive Edition,227326,$39.99,,,"1.999,00 TL",,,False,False,False
Doom 64,234454,$1.99,$4.99,Save 60%,"70,00 TL","175,00 TL",%60 indirimden yararlanın,False,False,False
Crime Boss Rockay City,10004424,$4.99,$19.99,Save 75%,"174,75 TL","699,00 TL",%75 indirimden yararlanın,True,False,False
Gangs Of Sherwood,10005683,$5.99,$29.99,Save 80%,"209,80 TL","1.049,00 TL",%80 indirimden yararlanın,False,False,False
Dungeon Munchies Collector,10004188,$16.99,,,"649,00 TL",,,False,False,False
Chernobylite Standard,10002921,$29.99,,,"1.299,00 TL",,,True,False,False
Call Of Duty Black Ops II,10017658,$39.99,,,"1.600,00 TL",,,False,False,False
Assassin's Creed Valhalla Standard,10000237,$59.99,,,"470,00 TL",,,True,False,False
House Flipper 2,10006545,$39.99,,,"1.399,00 TL",,,False,False,False
41 Hours,10003410,$19.99,,,"699,00 TL",,,False,False,False
Final Vendetta Collectors Edition,10004778,$24.99,,,"1.079,00 TL",,,False,False,False
Astro Bot,10002684,$59.99,,,"2.999,00 TL",,,False,False,False
Dollhouse Behind The Broken Mirror,10010190,$29.99,,,"1.049,00 TL",,,False,False,False
Arma Reforger,10010198,$39.99,,,"1.399,00 TL",,,False,False,False
Hades Standard,10002648,$24.99,,,"879,00 TL",,,False,False,False
Everybody’s Golf Hot Shots,10012639,$39.99,,,"2.149,00 TL",,,False,False,False
Disney Illusion Island Standard,10008711,$29.99,,,"1.299,00 TL",,,False,False,False
Dying Light Definitive Edition,201129,$2.49,$24.99,Save 90%,"87,50 TL","875,00 TL",%90 indirimden yararlanın,False,False,False
Alan Wake II Deluxe Edition,10002065,$17.99,$59.99,Save 70%,"329,70 TL","1.099,00 TL",%70 indirimden yararlanın,False,False,False
Doom The Dark Ages Premium Edition,10009984,$23.09,$69.99,Save 67%,"758,67 TL","2.299,00 TL",%67 indirimden yararlanın,False,False,False
Formula Retro Racing World Tour ویژه,10006414,$19.99,,,"816,00 TL",,,False,False,False
Heidelberg 1693,10004773,$14.99,,,"529,00 TL",,,False,False,False
Ben 10 Power Trip,234613,$11.99,$29.99,Save 60%,"419,60 TL","1.049,00 TL",%60 indirimden yararlanın,True,False,False
Bloodroots,234402,$19.99,,,"849,00 TL",,,False,False,False
Among Ashes,10012763,$14.99,,,"649,00 TL",,,False,False,False
Garfield Lasagna Party,10005429,$39.99,,,"1.399,00 TL",,,False,False,False
Blackwind,10000455,$24.99,,,"1.079,00 TL",,,False,False,False
Core Keeper,10009534,$19.99,,,"699,00 TL",,,False,False,False
Curved Space,10002274,$19.99,,,"699,00 TL",,,False,False,False
Teenage Mutant Ninja Turtles Arcade Wrath Of The Mutants,10009199,$29.99,,,"1.299,00 TL",,,False,False,False
Just Dance 2023 Edition,10004701,$49.99,,,Ücretsiz,,,False,False,False
Star Trek Prodigy Supernova,10003266,,,,,,,False,False,False
Minecraft Legends Deluxe Edition,10000771,$15.99,$39.99,Save 60%,"699,60 TL","1.749,00 TL",%60 indirimden yararlanın,False,False,False
Slitterhead,10009203,$49.99,,,"1.749,00 TL",,,False,False,False
Lego Marvel Super Heroes 2,228783,$4.99,$19.99,Save 75%,"188,91 TL","2.099,00 TL",%91 indirimden yararlanın,False,False,False
Redout II Deluxe,10004160,$19.99,,,"849,00 TL",,,False,False,False
Tape Unveil The Memories,234878,$11.99,,,"429,00 TL",,,False,False,False
Swordsman VR,10001020,$19.99,,,"774,00 TL",,,False,False,False
NBA Bounce,10012016,$19.99,,,"849,00 TL",,,False,False,False
Raging Loop,224923,$29.99,,,,,,False,False,False
Moving Out 2,10005309,$7.49,$29.99,Save 75%,"262,25 TL","1.049,00 TL",%75 indirimden yararlanın,False,False,False
Star Wars Squadrons,234657,$39.99,,,"279,00 TL",,,False,False,False
Paw Patrol The Movie Adventure City Calls,10001866,$39.99,,,"1.399,00 TL",,,True,False,False
The Ascent,233248,$29.99,,,"1.299,00 TL",,,False,False,False
Teenage Mutant Ninja Turtles The Cowabunga Collection Standard,10003357,$39.99,,,"1.399,00 TL",,,False,False,False
Matchbox Driving Adventures,10009034,$39.99,,,"1.399,00 TL",,,False,False,False
Poker Club,10000299,$19.99,,,"849,00 TL",,,True,False,False
Prototype 2,203587,$39.99,,,"1.749,00 TL",,,False,False,False
Sniper Ghost Warrior Contracts 2,10000888,$39.99,,,"1.399,00 TL",,,False,False,False
Just Dance 2022,10002813,,,,,,,False,False,False
Star Wars Episode I - Jedi Power Battles,10008489,$19.99,,,"699,00 TL",,,False,False,False
Just Dance 2021,10000642,,,,,,,False,False,False
Motogp 25,10012137,$49.99,,,"2.149,00 TL",,,False,False,False
Slave Zero X,10005401,$24.99,,,"879,00 TL",,,False,False,False
Paw Patrol World,10005670,$39.99,,,"1.399,00 TL",,,True,False,False
Smurfs Kart,10004796,$29.99,,,"1.049,00 TL",,,False,False,False
Shadow Labyrinth,10009867,$19.79,$29.99,Save 34%,"1.049,00 TL",,,False,False,False
No More Heroes III,10004267,$13.99,$39.99,Save 65%,"1.749,00 TL",,,True,False,False
Lego Party!,10014603,$39.99,,,"1.749,00 TL",,,False,False,False
The Sinking Forest,10013232,$12.99,,,"549,00 TL",,,False,False,False
Starsand,10005614,$5.99,$19.99,Save 70%,"254,70 TL","849,00 TL",%70 indirimden yararlanın,False,False,False
Pacific Drive Deluxe Edition,10006288,$29.99,,,"1.049,00 TL",,,True,False,False
Lost Records Bloom & Rage,10009639,$39.99,,,"1.399,00 TL",,,False,False,False
Screamer,10012598,$29.99,$59.99,Save 50%,"1.499,50 TL","2.999,00 TL",%50 indirimden yararlanın,False,False,False
Paw Patrol Rescue Wheels - Championship,10013289,$39.99,,,"1.749,00 TL",,,False,False,False
Kiborg,10008983,$29.99,,,"1.259,00 TL",,,False,False,False
Lego Star Wars The Skywalker Saga,232847,$59.99,,,"2.499,00 TL",,,False,False,False
Ride 4,235338,$39.99,,,"2.149,00 TL",,,False,False,False
Star Wars Outlaws,10005323,$69.99,,,"2.799,00 TL",,,True,False,False
Tennis World Tour 2 کامل,10001023,$9.99,$39.99,Save 75%,,,,False,False,False
Marathon,10008864,$39.99,,,"1.499,00 TL",,,False,False,False
Looney Tunes Wacky World Of Sports,10009580,$49.99,,,"1.749,00 TL",,,False,False,False
The Devil Within Satgat,10007474,$24.99,,,"875,00 TL",,,False,False,False
Luto,10008690,$19.99,,,"849,00 TL",,,False,False,False
Poppy Playtime Chapter 3 - Deep Sleep,10010722,$14.99,,,"509,00 TL",,,False,False,False
Stray Souls,10004938,$29.99,,,"1.049,00 TL",,,False,False,False
Sand Land,10005459,$29.99,$59.99,Save 50%,,,,False,False,False
The Talos Principle II,10004172,$29.99,,,"1.049,00 TL",,,True,False,False
Robocop Rogue City,10003485,$39.99,,,"1.749,00 TL",,,False,False,False
Tekken 8 Standard,10006270,$39.99,,,"1.749,00 TL",,,False,False,False
Quantum Error,10001343,$29.99,,,"1.049,00 TL",,,False,False,False
Pneumata,10008674,$34.99,,,"1.199,00 TL",,,False,False,False
Starship Troopers Extermination,10008959,$34.99,,,"1.499,00 TL",,,False,False,False
The Casting Of Frank Stone,10008245,$29.99,,,"1.225,00 TL",,,True,False,False
Ninja Gaiden II Black,10012997,$24.99,$49.99,Save 50%,"874,50 TL","1.749,00 TL",%50 indirimden yararlanın,False,False,False
Lumo 2,10014971,$24.99,,,"1.079,00 TL",,,False,False,False
Still Wakes The Deep,10005163,$34.99,,,"1.199,00 TL",,,True,False,False
Reanimal,10010999,$31.99,$39.99,Save 20%,"1.399,20 TL","1.749,00 TL",%20 indirimden yararlanın,False,False,False
Remnant II Standard Edition,10004544,$29.99,$49.99,Save 40%,"1.289,40 TL","2.149,00 TL",%40 indirimden yararlanın,False,False,False
Life Is Strange Double Exposure,10008183,$79.99,,,"3.149,00 TL",,,False,False,False
Poppy Playtime Chapter 4 - Safe Haven,10012036,$19.99,,,"849,00 TL",,,False,False,False
The Outlast Trials Deluxe Edition,10001988,$39.99,,,"669,00 TL",,,False,False,False
Star Overdrive,10010609,$34.99,,,,,,False,False,False
Minecraft Dungeons II,10008220,$29.99,,,"1.499,00 TL",,,False,False,False
Octopath Traveler 0,10014094,$32.49,$49.99,Save 35%,"1.676,35 TL","2.579,00 TL",%35 indirimden yararlanın,False,False,False
Nicktoons & The Dice Of Destiny,10014501,$49.99,,,"2.149,00 TL",,,False,False,False
Skull Island Rise Of Kong,10008043,$39.99,,,"1.399,00 TL",,,False,False,False
Octopath Traveler II,10005126,$23.99,$59.99,Save 60%,"839,60 TL","2.099,00 TL",%60 indirimden yararlanın,False,False,False
Sonic Racing Crossworlds Standard,10005570,$34.99,$69.99,Save 50%,"1.249,50 TL","2.499,00 TL",%50 indirimden yararlanın,False,False,False
Magical Bakery,10009878,$29.99,,,"1.049,00 TL",,,False,False,False
Kena Bridge Of Spirits Deluxe Edition,10001235,$39.99,,,"1.749,00 TL",,,False,False,False
Starfield,10011934,$39.99,$49.99,Save 20%,"1.294,40 TL","1.618,00 TL",%20 indirimden yararlanın,False,False,False
Miasma Chronicles,10004322,$10.49,$34.99,Save 70%,"359,70 TL","1.199,00 TL",%70 indirimden yararlanın,False,False,False
Outlast Bundle Of Terror,203196,$14.99,,,,,,False,False,False
Mount & Blade II Bannerlord Standard,233621,$49.99,,,"1.749,00 TL",,,False,False,False
Sophia’s Animal Clinic Mission Wildlife Park,10016260,$24.99,,,"1.079,00 TL",,,False,False,False
The Last Of Us Part I Remake,10002694,$29.39,$69.99,Save 58%,"1.724,50 TL","3.449,00 TL",%50 indirimden yararlanın,True,False,False
Mortal Kombat 11 Ultimate + Injustice 2 Leg Edition Bundle,231756,$49.99,,,"349,00 TL",,,False,False,False
Mortal Kombat 1 Premium Edition,10004911,$49.99,,,"1.749,00 TL",,,True,False,False
Resident Evil 3 Remake Standard PS4,233069,$39.99,,,"1.399,00 TL",,,False,False,False
Planet Coaster 2,10009610,$19.99,$49.99,Save 60%,"699,60 TL","1.749,00 TL",%60 indirimden yararlanın,True,False,False
Roadcraft,10006025,$39.99,,,"1.749,00 TL",,,False,False,False
Rise Of The Ronin Standard,10003386,$69.99,,,"3.449,00 TL",,,True,False,False
Poppy Playtime,10009028,$4.99,,,,,,True,False,False
Maneater,233202,$39.99,,,"1.399,00 TL",,,True,False,False
Little Nightmares,223059,$19.99,,,"849,00 TL",,,False,False,False
Metro Exodus Complete Edition,231769,$29.99,,,"1.049,00 TL",,,False,False,False
Mortal Shell Enhanced Edition Deluxe Set جعبه باز,234489,$29.99,,,"1.049,00 TL",,,False,False,False
Kingdom Come Deliverance,227410,$29.99,,,"1.299,00 TL",,,True,False,False
Monster Hunter Stories 3 Twisted Reflection,10013075,$55.99,$69.99,Save 20%,"2.399,20 TL","2.999,00 TL",%20 indirimden yararlanın,False,False,False
Shadow Warrior 3 Definitive,10002224,$39.99,,,"1.749,00 TL",,,False,False,False
The Crew Motorfest Standard Edition Cross-gen Bundle,10002313,$69.99,,,"1.879,00 TL",,,True,False,False
Prince Of Persia The Lost Crown Standard Nintendo Switch,10005985,$29.99,,,"1.049,00 TL",,,True,False,False
Little Nightmares III Standard,10003713,$19.99,$39.99,Save 50%,"874,50 TL","1.749,00 TL",%50 indirimden yararlanın,False,False,False
Metaphor Refantazio,10001029,$69.99,,,"3.449,00 TL",,,False,False,False
The Lord Of The Rings Return To Moria,10008445,$24.99,,,"875,00 TL",,,True,False,False
Master Detective Archives Rain Code Plus,10009057,$59.99,,,"2.099,00 TL",,,False,False,False
Ninja Gaiden 4 Standard,10012110,$41.99,$69.99,Save 40%,"1.799,40 TL","2.999,00 TL",%40 indirimden yararlanın,False,False,False
Rugby 25 Standard,10008324,$19.99,$49.99,Save 60%,"839,60 TL","2.099,00 TL",%60 indirimden yararlanın,True,False,False
Ratchet & Clank Rift Apart,10000669,$69.99,,,"619,00 TL",,,True,False,False
Skull And Bones,225700,$29.99,,,"1.049,00 TL",,,True,False,False
Sonic Frontiers,10002956,$39.99,,,"2.149,00 TL",,,False,False,False
Sonic X Shadow Generations,10008755,$49.99,,,"1.599,00 TL",,,True,False,False
Teenage Mutant Ninja Turtles Splintered Fate Deluxe,10011976,$29.99,,,"999,00 TL",,,False,False,False
Outriders Complete Edition,227401,$29.99,,,"1.049,00 TL",,,False,False,False
Need For Speed Unbound,10001269,$84.99,,,"3.399,00 TL",,,False,False,False
Life Is Strange True Colors Standard,235172,$59.99,,,"429,00 TL",,,False,False,False
Rayman Legends Definitive Edition Nintendo Switch,203902,$19.99,,,"699,00 TL",,,True,False,False
Portrait Of A Torn,10014988,$9.99,,,"429,00 TL",,,False,False,False
Omegabot,10005442,$12.99,,,"449,00 TL",,,False,False,False
The Gap,10006089,$19.99,,,"849,00 TL",,,False,False,False
Streets Of Rage 4 Anniversary Edition,234410,$24.99,,,"875,00 TL",,,False,False,False
L.A. Noire,229788,$39.99,,,"169,00 TL",,,False,False,False
Ninja Gaiden Master Collection Standard Edition PS4,10001248,$19.99,$39.99,Save 50%,"874,50 TL","1.749,00 TL",%50 indirimden yararlanın,False,False,False
Metal Slug XX,202878,$19.99,,,"699,00 TL",,,False,False,False
Stranger Of Paradise Final Fantasy Origin,10002585,$39.99,,,"1.749,00 TL",,,False,False,False
Puyo Puyo Tetris 2,10000431,$39.99,,,"1.749,00 TL",,,False,False,False
Rocket League Collectors Edition Ps4,203715,Free,,,Ücretsiz,,,False,False,False
The Dark Pictures Anthology The Devil In Me,10004192,$39.99,,,"999,00 TL",,,False,False,False
Speedrunners,221759,$9.99,,,"349,00 TL",,,False,False,False
The Evil Within 2,228861,$39.99,,,"232,88 TL",,,True,False,False
The Callisto Protocol Collector,10002652,$69.99,,,"2.499,00 TL",,,False,False,False
The Dark Pictures Anthology House Of Ashes,10001837,$29.99,,,"1.049,00 TL",,,False,False,False
Spongebob Squarepants Battle For Bikini Bottom - Rehydrated,233372,$29.99,,,"1.199,00 TL",,,False,False,False
Marvel's Guardians Of The Galaxy Standard,234665,$59.99,,,"2.499,00 TL",,,True,False,False
Lost Judgment,10002616,$59.99,,,"2.299,00 TL",,,False,False,False
System Shock,10004429,$39.99,,,"1.749,00 TL",,,False,False,False
The Quarry Deluxe Edition,10004123,$69.99,,,"2.799,00 TL",,,False,False,False
Like A Dragon Pirate Yakuza In Hawaii,10011704,$59.99,,,"2.099,00 TL",,,False,False,False
Sword Art Online Last Recollection,10004721,$59.99,,,"2.099,00 TL",,,False,False,False
Monster High Skulltimate Secrets,10009033,$39.99,,,"1.399,00 TL",,,False,False,False
PAW Patrol Mighty Pups Save Adventure Bay!,10000811,$29.99,,,"1.049,00 TL",,,True,False,False
Star Wars Jedi Fallen Order,232345,$39.99,,,"1.799,99 TL",,,False,False,False
Retropolis 2 Never Say Goodbye,10010667,$9.99,,,"349,00 TL",,,False,False,False
Mandragora Whispers Of The Witch Tree,10004736,$39.99,,,"1.399,00 TL",,,False,False,False
Resident Evil 2 Remake,10005150,$9.99,,,"429,00 TL",,,False,False,False
Pragmata,10002075,$59.99,,,"2.579,00 TL",,,False,False,False
Outbound,10016008,$24.99,,,"649,00 TL",,,False,False,False
Silent Hill 2 Standard,10005529,$69.99,,,"2.499,00 TL",,,True,False,False
Layers Of Fear,10004877,$29.99,,,"1.299,00 TL",,,False,False,False
Sifu Standard,10001973,$35.99,,,"1.399,00 TL",,,False,False,False
The Texas Chain Saw Massacre,10002719,$14.99,,,"649,00 TL",,,False,False,False
Poppy Playtime Chapter 5 - Broken Things,10018882,$19.99,,,"849,00 TL",,,False,False,False
Little Nightmares VR Altered Echoes,10013518,$29.99,,,"1.299,00 TL",,,False,False,False
Need For Speed Heat,234659,$5.99,$59.99,Save 90%,"349,90 TL","3.499,00 TL",%90 indirimden yararlanın,False,False,False
Park Beyond,10001225,$29.99,,,"1.049,00 TL",,,False,False,False
Rally Racing 2,10005597,,,,,,,False,False,False
Outcast A New Beginning,10003564,$39.99,,,"1.399,00 TL",,,False,False,False
Omen Of Sorrow,229250,$19.99,,,"849,00 TL",,,False,False,False
The Pathless,233096,$39.99,,,"1.199,00 TL",,,False,False,False
Nickelodeon Kart Racers 3 Slime Speedway,10003263,$49.99,,,"1.749,00 TL",,,False,False,False
Jurassic World Evolution 2 Standard,10002577,$11.99,$59.99,Save 80%,"524,75 TL","2.099,00 TL",%75 indirimden yararlanın,True,False,False
Monster Truck Championship,10000346,$39.99,,,"1.749,00 TL",,,False,False,False
Resident Evil Revelations 2,232120,Free,,,Ücretsiz,,,False,False,False
Overcooked! All You Can Eat,10000899,$39.99,,,"1.399,00 TL",,,True,False,False
Paw Patrol Grand Prix,10003932,$29.99,,,"1.049,00 TL",,,True,False,False
Miraculous Paris Under Siege,10010300,$49.99,,,"2.149,00 TL",,,False,False,False
The Diofield Chronicle,10003580,$59.99,,,"529,00 TL",,,False,False,False
Life Is Strange Reunion,10013938,$39.99,,,"2.149,00 TL",,,False,False,False
Lords Of The Fallen,202563,$19.99,,,"849,00 TL",,,False,False,False
Like A Dragon Infinite Wealth,10004462,$69.99,,,"2.499,00 TL",,,True,False,False
Ride 6,10010475,$41.99,$59.99,Save 30%,"2.099,30 TL","2.999,00 TL",%30 indirimden yararlanın,False,False,False
Mafia The Old Country,10007134,$49.99,,,"1.949,00 TL",,,False,False,False
Kingdom Come Deliverance II,10006210,$35.99,$89.99,Save 60%,"1.259,60 TL","3.149,00 TL",%60 indirimden yararlanın,False,False,False
Stellar Blade Complete Edition,10006891,$69.99,,,"2.799,00 TL",,,False,False,False
The Smurfs Mission Vileaf,10002353,$24.99,,,"879,00 TL",,,False,False,False
Resident Evil 4,232114,$19.99,,,"699,00 TL",,,False,False,False
Onimusha 2 Samurai's Destiny,10011533,$29.99,,,"1.299,00 TL",,,False,False,False
Poppy Playtime Chapter 2 - Fly In A Web,10010437,$9.99,,,"315,00 TL",,,False,False,False
Kong Survivor Instinct,10009861,$24.99,,,"875,00 TL",,,False,False,False
No Man's Sky,216600,$59.99,,,"1.249,00 TL",,,False,False,False
Resident Evil 7 Gold Edition + Village Gold Edition Bundle,220037,$19.99,,,"699,00 TL",,,False,False,False
Metal Gear Solid Master Collection Volume 1,10007607,$59.99,,,"599,00 TL",,,False,False,False
Resident Evil Village Gold Edition,235235,$39.99,,,"1.399,00 TL",,,True,False,False
Panda Hero,232746,$14.99,,,"649,00 TL",,,False,False,False
Survivor Castaway Island,10008014,$29.99,,,"1.049,00 TL",,,False,False,False
Lies Of P,10006052,$59.99,,,"2.349,00 TL",,,False,False,False
Sekiro Shadows Die Twice,232898,$59.99,,,"469,00 TL",,,False,False,False
Lego Brawls Standard,10004343,$19.99,,,"849,00 TL",,,False,False,False
Salt And Sacrifice,10003231,$19.99,,,"559,00 TL",,,True,False,False
Summer Sports Games,233561,$29.99,,,"1.049,00 TL",,,False,False,False
Silent Hill F Standard,10010242,$69.99,,,"3.449,00 TL",,,False,False,False
Necromunda Hired Gun,10001848,$39.99,,,"1.399,00 TL",,,False,False,False
Sea Of Thieves,10008884,$13.99,$39.99,Save 65%,"349,65 TL","999,00 TL",%65 indirimden yararlanın,False,False,False
Temtem,10001170,$44.99,,,"1.949,00 TL",,,False,False,False
Robocop Rogue City – Unfinished Business Standard,10014077,$29.99,,,"1.299,00 TL",,,False,False,False
Sniper Elite III,204339,$29.99,,,"1.299,00 TL",,,False,False,False
The Forgotten City,10002458,$29.99,,,"1.049,00 TL",,,True,False,False
Resident Evil 4 Remake Gold Edition PS4,10004473,$39.99,,,"1.399,00 TL",,,False,False,False
Project Tower,10010539,$24.99,,,"875,00 TL",,,False,False,False
Snowrunner Standard Nintendo Switch,234959,$129.99,,,"5.599,00 TL",,,False,False,False
Plants Vs. Zombies Garden Warfare 2,203427,$19.99,,,"699,00 TL",,,False,False,False
Shadow Of The Colossus PS4,225857,$19.99,,,"1.749,00 TL",,,True,False,False
Sackboy A Big Adventure,10000177,$59.99,,,"3.249,00 TL",,,True,False,False
Marvel’s Wolverine Digital Deluxe Edition,10002861,$69.99,,,"3.449,00 TL",,,False,False,False
Spongebob Squarepants The Patrick Star Standard,10007960,$39.99,,,"1.399,00 TL",,,False,False,False
Teenage Mutants Revenge Ultimate Edition,10003986,$24.99,,,"879,00 TL",,,False,False,False
Kitaria Fables,10001835,$19.99,,,"699,00 TL",,,False,False,False
Nioh 3,10014010,$69.99,,,"3.449,00 TL",,,False,False,False
Mad Max,202765,$19.99,,,"699,00 TL",,,False,False,False
Ravenswatch Legendary,10005682,$29.99,,,"1.049,00 TL",,,False,False,False
The Lord Of The Rings Gollum,10003139,$29.99,,,"1.049,00 TL",,,False,False,False
Palworld,10011027,$29.99,,,"1.015,00 TL",,,False,False,False
Lake,10003149,$19.99,,,"699,00 TL",,,True,False,False
Spongebob Squarepants Titans Of The Tide Standard,10013086,$39.99,,,"1.749,00 TL",,,False,False,False
The Mobius Machine,10006425,$19.99,,,"849,00 TL",,,False,False,False
The Last Of Us Part II Remastered,230079,$29.99,$49.99,Save 40%,"1.289,40 TL","2.149,00 TL",%40 indirimden yararlanın,True,False,False
Mafia Trilogy,10008649,$59.99,,,"2.349,00 TL",,,False,False,False
Marvel's Spider-man Game Of The Year Edition,10000762,$24.99,$49.99,Save 50%,"270,73 TL","466,78 TL",%42 indirimden yararlanın,True,False,False
Star Wars Battlefront II,229438,$4.99,$19.99,Save 75%,"34,06 TL","136,27 TL",%75 indirimden yararlanın,False,False,False
Plateup!,10007566,$19.99,,,"699,00 TL",,,True,False,False
Planet Coaster Console Edition,235039,$12.49,$49.99,Save 75%,"399,75 TL","1.599,00 TL",%75 indirimden yararlanın,False,False,False
Tearaway Unfolded,215974,$19.99,,,"849,00 TL",,,True,False,False
Metal Slug Anthology,202875,$19.99,,,"849,00 TL",,,False,False,False
Session Skate Sim,10004240,$7.99,$39.99,Save 80%,"279,80 TL","1.399,00 TL",%80 indirimden yararlanın,True,False,False
The Dark Pictures Anthology Little Hope,235232,$9.99,$19.99,Save 50%,"349,50 TL","699,00 TL",%50 indirimden yararlanın,False,False,False
The Foglands,10003574,$24.99,,,"1.079,00 TL",,,False,False,False
Resident Evil Code Veronica X,232117,$14.99,,,"525,00 TL",,,False,False,False
Ride 5 Standard,10003247,$49.99,,,"2.579,00 TL",,,False,False,False
Last Days Of Lazarus,10005733,$19.99,,,"699,00 TL",,,False,False,False
Persona 5 Royal Deluxe Edition,234529,$17.99,$59.99,Save 70%,"839,70 TL","2.799,00 TL",%70 indirimden yararlanın,True,False,False
Marvel’s Spider-man 2 Digital Deluxe Edition,10002456,$29.39,$69.99,Save 58%,"1.399,50 TL","2.799,00 TL",%50 indirimden yararlanın,True,False,False
Tainted Grail The Fall Of Avalon,10009530,$44.99,,,"1.575,00 TL",,,False,False,False
Sker Ritual,10005307,$19.99,,,"849,00 TL",,,False,False,False
Onimusha Way Of The Sword,10013248,$69.99,,,"3.449,00 TL",,,False,False,False
Middle-earth Shadow Of War,216695,$49.99,,,"1.399,00 TL",,,False,False,False
Kaku Ancient Seal,10015528,$29.99,,,"1.299,00 TL",,,False,False,False
Overcooked!,221740,$3.39,$16.99,Save 80%,"111,80 TL","559,00 TL",%80 indirimden yararlanın,False,False,False
Scarlet Nexus,235097,$59.99,,,"2.499,00 TL",,,False,False,False
Mixtape,10014780,$19.99,,,"816,00 TL",,,False,False,False
Marvel’s Spider-man Miles Morales Ultimate Edition,10000649,$19.99,$49.99,Save 60%,"229,50 TL","459,00 TL",%50 indirimden yararlanın,True,False,False
Rabbids Party Of Legends Standard Nintendo Switch,10002576,$39.99,,,"379,00 TL",,,True,False,False
The Medium Standard,10002899,$49.99,,,"2.149,00 TL",,,False,False,False
The Rumble Fish 2,10005374,$14.99,,,"649,00 TL",,,False,False,False
Split Fiction,10005449,$49.99,,,"1.800,00 TL",,,False,False,False
Star Wars Battlefront Classic Collection,10008554,$34.99,,,"1.229,00 TL",,,False,False,False
Playstation VR Worlds,221798,$14.99,,,"1.299,00 TL",,,False,False,False
The Outer Worlds 2,10011796,$34.99,$69.99,Save 50%,"1.499,50 TL","2.999,00 TL",%50 indirimden yararlanın,False,False,False
Oxide Room 208 Collector,10010378,$34.99,,,"749,50 TL","1.499,00 TL",%50 indirimden yararlanın,False,False,False
Ōkami HD,216640,$19.99,,,"699,00 TL",,,False,False,False
Sleeping Dogs,204275,$29.99,,,"1.049,00 TL",,,False,False,False
Myst,10000550,$34.99,,,"1.499,00 TL",,,False,False,False
South Park Snow Day Standard,10008055,$29.99,,,"1.049,00 TL",,,False,False,False
Revenge Of The Savage Planet,10009791,$29.99,,,"1.299,00 TL",,,False,False,False
Pig Escape 2,10015749,$1.99,,,"85,00 TL",,,False,False,False
Medieval Dynasty,10005204,$17.49,$34.99,Save 50%,"599,50 TL","1.199,00 TL",%50 indirimden yararlanın,False,False,False
Killing Floor III,10005321,$39.99,,,"1.749,00 TL",,,False,False,False
Phasmophobia,10005673,$13.99,$19.99,Save 30%,"465,50 TL","665,00 TL",%30 indirimden yararlanın,False,False,False
Motogp 26,10016581,$41.99,$59.99,Save 30%,"2.099,30 TL","2.999,00 TL",%30 indirimden yararlanın,False,False,False
Nickelodeon All-star Brawl 2,10008091,$49.99,,,"1.749,00 TL",,,False,False,False
Super Monkey Ball Banana Mania Launch,10000952,$9.99,$39.99,Save 75%,"349,75 TL","1.399,00 TL",%75 indirimden yararlanın,False,False,False
Military Logistics Simulator,10011311,$29.99,,,"1.299,00 TL",,,False,False,False
Minecraft,212779,$19.99,,,"849,00 TL",,,False,False,False
Lost Soul Aside,10012778,$59.99,,,"2.999,00 TL",,,False,False,False
MLB The Show 24,10008651,$29.99,,,"1.299,00 TL",,,False,False,False
Tales Of Arise Standard,234823,$49.99,,,"2.149,00 TL",,,False,False,False
Road Maintenance Simulator,10004318,$29.99,,,"1.299,00 TL",,,False,False,False
Mortal Kombat Legacy Kollection,10013904,$49.99,,,"2.149,00 TL",,,False,False,False
Riders Republic,10000459,$5.99,$39.99,Save 85%,"107,85 TL","719,00 TL",%85 indirimden yararlanın,True,False,False
The Bridge Curse 2 The Extrication,10009896,$24.99,,,"879,00 TL",,,False,False,False
Marvel Cosmic Invasion,10012545,$29.99,,,"1.299,00 TL",,,False,False,False
Like A Dragon Gaiden The Man Who Erased His Name,10008306,$49.99,,,"2.499,00 TL",,,False,False,False
Need For Speed Payback Deluxe Edition,223086,$5.99,$19.99,Save 70%,"479,70 TL","1.599,00 TL",%70 indirimden yararlanın,False,False,False
S.t.a.l.k.e.r. 2 Heart Of Chornobyl Standard,10014084,$59.99,,,"2.579,00 TL",,,False,False,False
Plants Vs. Zombies Replanted,10014976,$19.99,,,"720,00 TL",,,False,False,False
Spellforce Conquest Of Eo,10008526,$8.99,$29.99,Save 70%,"389,70 TL","1.299,00 TL",%70 indirimden yararlanın,False,False,False
Serious Sam 4 Launch Bundle PS4 و,10002922,$9.99,$39.99,Save 75%,"349,75 TL","1.399,00 TL",%75 indirimden yararlanın,False,False,False
Spongebob Squarepants The Cosmic Shake Standard Edition,10003866,$39.99,,,"1.399,00 TL",,,False,False,False
Stories From Sol The Gun-dog,10009382,$19.99,,,"849,00 TL",,,False,False,False
One Piece Odyssey,235242,$39.99,,,"1.399,00 TL",,,False,False,False
Tom Clancy's Rainbow Six Extraction,233592,$39.99,,,"449,00 TL",,,True,False,False
Synduality Echo Of Ada,10004816,$39.99,,,"1.399,00 TL",,,False,False,False
Sea Of Stars,10004226,$34.99,,,"1.499,00 TL",,,False,False,False
Observer System Redux,10001519,$29.99,,,"1.299,00 TL",,,True,False,False
The Invincible,10002666,$29.99,,,"1.049,00 TL",,,True,False,False
Mindseye,10014002,$34.99,,,"1.499,00 TL",,,False,False,False
Lego DC Super-villains,231944,$5.99,$59.99,Save 90%,"94,41 TL","1.049,00 TL",%91 indirimden yararlanın,True,False,False
Jusant,10006168,$24.99,,,"1.079,00 TL",,,False,False,False
Sniper Elite Resistance,10008716,$59.99,,,"2.099,00 TL",,,False,False,False
Nobody Wants To Die,10003635,$24.99,,,"629,00 TL",,,False,False,False
On The Road Truck Simulator,10001193,$29.99,,,"1.299,00 TL",,,False,False,False
Karma The Dark World,10010911,$24.99,,,"1.079,00 TL",,,False,False,False
Tetris Effect Connected,232708,$39.99,,,"1.399,00 TL",,,False,False,False
Just Cause 3 Gold Edition PS4,202209,$4.99,$19.99,Save 75%,"174,75 TL","699,00 TL",%75 indirimden yararlanın,False,False,False
Painkiller,10013491,$39.99,,,"1.749,00 TL",,,False,False,False
Suicide Squad Kill The Justice League Standard,10001609,$69.99,,,"2.099,00 TL",,,False,False,False
Test Drive Unlimited Solar Crown,10003910,$11.99,$59.99,Save 80%,"419,80 TL","2.099,00 TL",%80 indirimden yararlanın,True,False,False
MX Vs. ATV Legends,10000928,$39.99,,,"1.399,00 TL",,,False,False,False
Taxi Life A City Driving Simulator,10007412,$13.99,$39.99,Save 65%,"489,65 TL","1.399,00 TL",%65 indirimden yararlanın,False,False,False
The Chant,10002823,$24.99,,,"879,00 TL",,,False,False,False
Saints Row,10002042,$29.99,,,"1.049,00 TL",,,False,False,False
Returnal,10000176,$69.99,,,"619,00 TL",,,True,False,False
Nier Automata Goty PS4,217551,$15.99,$39.99,Save 60%,"559,60 TL","1.399,00 TL",%60 indirimden yararlanın,False,False,False
Star Wars Jedi Survivor Standard Edition,10005114,$69.99,,,"2.900,00 TL",,,False,False,False
Ready Or Not,10009213,$49.99,,,"2.149,00 TL",,,False,False,False
Lego Batman Legacy Of The Dark Knight Deluxe Edition,10008537,$55.99,$69.99,Save 20%,"2.399,20 TL","2.999,00 TL",%20 indirimden yararlanın,False,False,False
Metro Awakening VR,10009509,$29.99,,,"1.299,00 TL",,,False,False,False
Microsoft Flight Simulator 2024 – Standard Edition,10011463,$55.99,$69.99,Save 20%,"1.599,99 TL","1.999,99 TL",%20 indirimden yararlanın,False,False,False
Metal Gear Solid Delta Snake Eater Deluxe Edition,10007293,$27.99,$69.99,Save 60%,"1.379,60 TL","3.449,00 TL",%60 indirimden yararlanın,False,False,False
Monster Hunter Wilds,10005176,$69.99,,,"2.799,00 TL",,,False,False,False
Marvel Tokon Fighting Souls,10008019,$59.99,,,"2.999,00 TL",,,False,False,False
Nuclear Blaze,10005596,$9.99,,,"349,00 TL",,,False,False,False
Sniper Elite 5,234363,$59.99,,,"2.099,00 TL",,,True,False,False
New Tales From The Borderlands Deluxe,10002770,$39.99,,,"1.749,00 TL",,,False,False,False
The Precinct,10008902,$29.99,,,"1.049,00 TL",,,False,False,False
Keywe,10001774,$24.99,,,"879,00 TL",,,False,False,False
Noob The Factionless,10007267,$39.99,,,"1.399,00 TL",,,False,False,False
My Little Pony A Maretime Bay Adventure,10004079,$39.99,,,"1.399,00 TL",,,False,False,False
Nickelodeon Extreme Tennis Next!,10017544,$29.99,,,"1.299,00 TL",,,False,False,False
Park Ranger Simulator Standard,10009928,$19.99,,,"849,00 TL",,,False,False,False
The Legend Of Heroes Trails Beyond The Horizon Deluxe Edition,10012789,$47.99,$59.99,Save 20%,"2.063,20 TL","2.579,00 TL",%20 indirimden yararlanın,False,False,False
Taxi Chaos 2,10015238,$24.99,,,"1.079,00 TL",,,False,False,False
Mouse P.I. For Hire,10012945,$29.99,,,"1.299,00 TL",,,False,False,False
Ninja Gaiden Ragebound,10013857,$24.99,,,"1.079,00 TL",,,False,False,False
Pac-man World Re-pac,10003398,$29.99,,,"1.749,00 TL",,,False,False,False
Payday 3,10007263,$14.99,$29.99,Save 50%,"649,50 TL","1.299,00 TL",%50 indirimden yararlanın,False,False,False
My Time At Sandrock,10007685,$39.99,,,"1.499,00 TL",,,False,False,False
Samurai Academy Paws Of Fury,10015397,$24.99,,,"1.079,00 TL",,,False,False,False
Prodeus,10004134,$24.99,,,"1.079,00 TL",,,False,False,False
Shadows Of Doubt,10010521,$24.99,,,"879,00 TL",,,False,False,False
The Rogue Prince Of Persia,10013971,$29.99,,,"1.049,00 TL",,,True,False,False
Moonscars,10005567,$19.99,,,"849,00 TL",,,False,False,False
Read Only Memories Neurodiver,10006172,$14.99,,,"649,00 TL",,,False,False,False
Road 96,10003593,$4.99,$19.99,Save 75%,"212,25 TL","849,00 TL",%75 indirimden yararlanın,False,False,False
Planet Of Lana,10009541,$4.99,$19.99,Save 75%,"174,75 TL","699,00 TL",%75 indirimden yararlanın,False,False,False
Lego Horizon Adventure Standard,10007722,$39.99,,,"1.749,00 TL",,,True,False,False
Red Dead Redemption 2,209441,$59.99,,,"2.099,00 TL",,,True,False,False
Steelrising,10003187,$39.99,,,"1.749,00 TL",,,False,False,False
Rennsport,10013999,$29.99,,,"1.299,00 TL",,,False,False,False
Oaken,10008158,$19.99,,,"699,00 TL",,,False,False,False
Skautfold Usurper,10007300,$14.99,,,"525,00 TL",,,False,False,False
Necrophosis Full Consciousness,10017979,$19.99,,,"849,00 TL",,,False,False,False
RPG Maker With,10009745,$32.49,$49.99,Save 35%,"1.396,85 TL","2.149,00 TL",%35 indirimden yararlanın,False,False,False
Persona 4 Revival,10011107,$69.99,,,,,,False,False,False
Saros,10005069,$49.69,$69.99,Save 29%,"2.586,75 TL","3.449,00 TL",%25 indirimden yararlanın,False,False,False
MLB The Show 25,10011213,$49.99,,,"2.149,00 TL",,,False,False,False
Marvel's Midnight Suns Enhanced Edition,10002129,$69.99,,,"849,00 TL",,,False,False,False
Rustler,10002592,$29.99,,,"1.049,00 TL",,,False,False,False
Rogue Flight,10012771,$19.99,,,"699,00 TL",,,False,False,False
Tekken 7 Definitive Edition,222022,$49.99,,,"1.049,00 TL",,,False,False,False
Metal Slug Attack - Reloaded,10008007,$9.99,,,"349,00 TL",,,False,False,False
Thehunter Call Of The Wild,228868,$5.99,$29.99,Save 80%,"209,80 TL","1.049,00 TL",%80 indirimden yararlanın,True,False,False
Motogp 24,10009581,$39.99,,,"1.749,00 TL",,,False,False,False
Motogp 21,10001934,$24.99,,,"1.079,00 TL",,,False,False,False
Motogp 22,10004098,$29.99,,,"1.299,00 TL",,,False,False,False
Resident Evil 0,232113,$19.99,,,"699,00 TL",,,False,False,False
Spirit Hunter Death Mark II,10009546,$49.99,,,"899,00 TL",,,False,False,False
Teenage Mutant Ninja Turtles Mutants Unleashed,10008636,$15.99,$39.99,Save 60%,"559,60 TL","1.399,00 TL",%60 indirimden yararlanın,False,False,False
Sworn,10010432,$29.99,,,"1.499,00 TL",,,False,False,False
Resonance A Plague Tale Legacy,10015413,$59.99,,,"2.579,00 TL",,,False,False,False
The Alters,10008217,$34.99,,,"1.499,00 TL",,,False,False,False
Rayman Legends Retold Deluxe Edition,10017364,$39.99,,,"1.749,00 TL",,,False,False,False
Party Animals,10010023,$19.99,,,"774,00 TL",,,False,False,False
Persona 5 Tactica,10005896,$59.99,,,"2.799,00 TL",,,True,False,False
Legacy Of Kain Soul Reaver 1 & 2 Remastered,10009063,$29.99,,,"1.049,00 TL",,,False,False,False
The Smurfs Village Party,10010362,$39.99,,,"1.399,00 TL",,,False,False,False
Metal Slug Tactics,10009982,$24.99,,,"875,00 TL",,,False,False,False
Rainbow High Runway Rush,10005424,$39.99,,,"1.399,00 TL",,,False,False,False
Syberia The World Before Standard,10001404,$39.99,,,"1.399,00 TL",,,True,False,False
Sacred 2 Remaster,10015606,$29.99,,,"1.299,00 TL",,,False,False,False
Killer Klowns From Outer Space The Game,10009210,$39.99,,,"1.399,00 TL",,,False,False,False
Scars Above,10005258,$5.99,$29.99,Save 80%,"209,80 TL","1.049,00 TL",%80 indirimden yararlanın,False,False,False
Samurai Warriors 5,10001263,$29.99,$59.99,Save 50%,"1.249,50 TL","2.499,00 TL",%50 indirimden yararlanın,True,False,False
Lego Voyagers,10011346,$24.99,,,"1.079,00 TL",,,False,False,False
Lunar Lander Beyond,10005702,$8.99,$29.99,Save 70%,"314,70 TL","1.049,00 TL",%70 indirimden yararlanın,False,False,False
The First Berserker Khazan,10009937,$59.99,,,"1.399,00 TL",,,False,False,False
Sonic Superstars Standard Nintendo Switch,10004658,$59.99,,,"2.799,00 TL",,,False,False,False
The Light Brigade Collector Edition,10005085,$24.99,,,"875,00 TL",,,False,False,False
Sword Art Online Fractured Daydream,10004518,$59.99,,,"2.099,00 TL",,,False,False,False
Shinobi Art Of Vengeance,10008251,$29.99,,,"1.299,00 TL",,,False,False,False
Jurassic World Evolution 3 Standard,10012067,$38.99,$59.99,Save 35%,"1.364,35 TL","2.099,00 TL",%35 indirimden yararlanın,False,False,False
Sid Meier's Civilization VII,10003168,$62.99,,,"2.499,00 TL",,,False,False,False
Resident Evil Requiem Deluxe Edition,10015533,$69.99,,,"3.449,00 TL",,,False,False,False
Seed Of Life,10008989,$19.99,,,"1.749,00 TL",,,False,False,False
Martha Is Dead,10001528,$29.99,,,"1.299,00 TL",,,False,False,False
Like A Dragon Ishin!,10004480,$11.99,$59.99,Save 80%,"629,80 TL","3.149,00 TL",%80 indirimden yararlanın,False,False,False
The Witcher 3 Wild Hunt کامل,204794,$9.99,$49.99,Save 80%,"254,00 TL",,,False,False,False
Wreckfest,227252,$39.99,,,"1.399,00 TL",,,False,False,False
Uncharted The Nathan Drake Collection,205353,$19.99,,,"699,00 TL",,,False,False,False
Unravel,205146,$19.99,,,"1.049,00 TL",,,False,False,False
Yakuza 0 Directors Cut,203727,,,,,,,False,False,False
Undertale,228887,$14.99,,,"525,00 TL",,,False,False,False
Unravel Two,231650,$19.99,,,"99,99 TL",,,False,False,False
Watch Dogs 2,216759,$49.99,,,"262,35 TL","1.749,00 TL",%85 indirimden yararlanın,True,False,False
Troll And I Standard Nintendo Switch,222895,,,,,,,False,False,False
White Day A Labyrinth Named School,228885,$29.99,,,"1.049,00 TL",,,False,False,False
Virgo Versus The Zodiac,10008576,$19.99,,,"1.031,00 TL",,,False,False,False
Yakuza Like A Dragon,235238,$19.99,,,"769,00 TL",,,True,False,False
Wolfenstein II The New Colossus,229533,$39.99,,,"229,00 TL",,,True,False,False
Unicorn Overlord,10002780,$59.99,,,"2.099,00 TL",,,True,False,False
Unbound Worlds Apart,10002464,$19.99,,,"849,00 TL",,,False,False,False
Tom Clancy’s The Division 2 Standard Edition,232391,$29.99,,,"749,00 TL",,,True,False,False
Unholy,10010042,$6.99,$19.99,Save 65%,"699,00 TL",,,False,False,False
Watch Dogs Legion,232581,$59.99,,,"470,00 TL",,,True,False,False
Wolfenstein Youngblood Deluxe PS4,232887,$4.99,$19.99,Save 75%,"174,75 TL","699,00 TL",%75 indirimden yararlanın,True,False,False
Tourist Bus Simulator,10003309,$29.99,,,"1.299,00 TL",,,False,False,False
Vampire The Masquerade - Bloodlines 2,10007767,$59.99,,,"2.579,00 TL",,,False,False,False
The Walking Dead The Telltale Definitive Series,234566,$12.49,$49.99,Save 75%,"437,25 TL","1.749,00 TL",%75 indirimden yararlanın,False,False,False
Tribes Of Midgard Deluxe,10000648,$4.99,$19.99,Save 75%,"174,75 TL","699,00 TL",%75 indirimden yararlanın,False,False,False
Yurukill The Calumniation Games Deluxe Edition,10003302,$11.99,$39.99,Save 70%,"419,70 TL","1.399,00 TL",%70 indirimden yararlanın,False,False,False
Vampire The Masquerade - Swansong,10001409,$29.99,,,"1.299,00 TL",,,False,False,False
Winter Sports Games,234305,$31.99,$39.99,Save 20%,"1.399,20 TL","1.749,00 TL",%20 indirimden yararlanın,False,False,False
Trepang2,10007968,$7.49,$29.99,Save 75%,"299,75 TL","1.199,00 TL",%75 indirimden yararlanın,False,False,False
Weird West Definitive Deluxe,234916,$39.99,,,"1.399,00 TL",,,False,False,False
Truck & Logistics Simulator,10006870,$17.99,$29.99,Save 40%,"779,40 TL","1.299,00 TL",%40 indirimden yararlanın,False,False,False
WRC 9,10000579,$29.99,,,"1.299,00 TL",,,False,False,False
Worms Rumble Standard Nintendo Switch,10000898,$2.99,$14.99,Save 80%,"105,80 TL","529,00 TL",%80 indirimden yararlanın,False,False,False
Unknown 9 Awakening,10001989,$19.99,,,"849,00 TL",,,False,False,False
You Suck At Parking Complete Edition,10001817,$19.99,,,"849,00 TL",,,True,False,False
Ziggurat 2,10003708,$24.99,,,"769,00 TL",,,False,False,False
Viewfinder,10006160,$8.74,$24.99,Save 65%,"306,25 TL","875,00 TL",%65 indirimden yararlanın,False,False,False
Thymesia,10003778,$7.49,$29.99,Save 75%,"262,25 TL","1.049,00 TL",%75 indirimden yararlanın,True,False,False
WRC 10,10002812,$39.99,,,"1.749,00 TL",,,False,False,False
Undisputed,10009297,$49.99,,,"2.149,00 TL",,,False,False,False
V Rising,10007965,$39.99,,,"1.399,00 TL",,,True,False,False
Zorro The Chronicles,10004407,$19.99,,,"849,00 TL",,,False,False,False
Tiny Tina's Wonderlands,10000818,$6.99,$69.99,Save 90%,"279,90 TL","2.799,00 TL",%90 indirimden yararlanın,False,False,False
Wizard With A Gun,10004448,$24.99,,,"1.079,00 TL",,,True,False,False
Tiny Troopers Global Ops,10002214,$19.99,,,"849,00 TL",,,False,False,False
Warm Snow,10008966,$19.99,,,"849,00 TL",,,False,False,False
Wuchang Fallen Feathers,10005853,$49.99,,,"2.149,00 TL",,,False,False,False
Wanted Dead,10003731,$29.99,,,"1.299,00 TL",,,False,False,False
"Warhammer 40,000 Space Marine II",10003330,$58.49,$129.99,Save 55%,"2.519,55 TL","5.599,00 TL",%55 indirimden yararlanın,False,False,False
Valkyrie Elysium,10004428,$23.99,$59.99,Save 60%,"839,60 TL","2.099,00 TL",%60 indirimden yararlanın,False,False,False
Way Of The Hunter,10003862,$29.99,,,"1.049,00 TL",,,False,False,False
Wo Long Fallen Dynasty,10004116,$39.99,,,"1.749,00 TL",,,True,False,False
Wreckreation Standard,10005975,$39.99,,,"1.749,00 TL",,,False,False,False
Worldless,10008469,$6.99,$19.99,Save 65%,"244,65 TL","699,00 TL",%65 indirimden yararlanın,False,False,False
Wild Hearts,10005161,$69.99,,,"2.900,00 TL",,,False,False,False
Tintin Reporter Cigars Of The Pharaoh,10007416,$39.99,,,"1.749,00 TL",,,False,False,False
Ys X Nordics Deluxe,10007199,$59.99,,,"2.099,00 TL",,,False,False,False
The Thaumaturge,10007126,$34.99,,,"1.199,00 TL",,,True,False,False
"Warhammer 40,000 Speed Freeks",10016640,$19.99,,,,,,False,False,False
Warhammer Age Of Sigmar Realms Of Ruin,10004639,$11.99,$59.99,Save 80%,"419,80 TL","2.099,00 TL",%80 indirimden yararlanın,False,False,False
Vampire The Masquerade - Justice,10008364,$29.99,,,"1.049,00 TL",,,False,False,False
Truck Driver The American Dream Standard,10007558,$39.99,,,"1.749,00 TL",,,False,False,False
The Walking Dead Destinies,10008113,$49.99,,,"1.749,00 TL",,,False,False,False
Tormented Souls II,10008744,$29.99,,,"1.299,00 TL",,,False,False,False
Tomb Raider I•ii•iii Remastered,10008568,$29.99,,,"1.049,00 TL",,,False,False,False
Ufouria The Saga 2,10010091,$24.99,,,"879,00 TL",,,False,False,False
Welcome To Paradize,10005724,$13.99,$39.99,Save 65%,"489,65 TL","1.399,00 TL",%65 indirimden yararlanın,False,False,False
Wild Bastards,10009549,$34.99,,,"1.199,00 TL",,,False,False,False
Visions Of Mana,10008215,$23.99,$59.99,Save 60%,"999,60 TL","2.499,00 TL",%60 indirimden yararlanın,False,False,False
Touhou Spell Carnival,10009134,$49.99,,,"2.149,00 TL",,,False,False,False
Until Dawn Remake,10007897,$29.99,$59.99,Save 50%,"1.424,43 TL","2.499,00 TL",%43 indirimden yararlanın,True,False,False
"Warhammer 40,000 Mechanicus II",10008848,$39.99,,,"1.749,00 TL",,,False,False,False
Tides Of Tomorrow,10015068,$29.99,,,"1.299,00 TL",,,False,False,False
Tokyo Xtreme Racer,10016323,$49.99,,,"2.149,00 TL",,,False,False,False
Thief VR Legacy Of Shadow,10010853,$19.99,,,"849,00 TL",,,False,False,False
Twisted Metal 4,10013708,$9.99,,,"429,00 TL",,,False,False,False
Towa And The Guardians Of The Sacred Tree,10012506,$29.99,,,"1.299,00 TL",,,False,False,False
Yakuza Kiwami 3 & Dark Ties,10015219,$38.99,$59.99,Save 35%,"1.676,35 TL","2.579,00 TL",%35 indirimden yararlanın,False,False,False
